{"type":"FeatureCollection","features":[{"type":"Feature","geometry":{"type":"Point","coordinates":[6.85,50.17]},"properties":{"id":"210010","name":"West Eifel Volcanic Field","country":"Germany","year":-8300,"kind":"Volcanic field","elev":600}},{"type":"Feature","geometry":{"type":"Point","coordinates":[2.981,45.786]},"properties":{"id":"210020","name":"Chaine des Puys","country":"France","year":-4040,"kind":"Lava dome(s)","elev":1464}},{"type":"Feature","geometry":{"type":"Point","coordinates":[2.53,42.17]},"properties":{"id":"210030","name":"Olot Volcanic Field","country":"Spain","year":null,"kind":"Volcanic field","elev":893}},{"type":"Feature","geometry":{"type":"Point","coordinates":[-4.02,38.87]},"properties":{"id":"210040","name":"Calatrava Volcanic Field","country":"Spain","year":-3600,"kind":"Volcanic field","elev":1117}},{"type":"Feature","geometry":{"type":"Point","coordinates":[12.7251,41.7569]},"properties":{"id":"211004","name":"Colli Albani","country":"Italy","year":null,"kind":"Caldera","elev":949}},{"type":"Feature","geometry":{"type":"Point","coordinates":[14.139,40.827]},"properties":{"id":"211010","name":"Campi Flegrei","country":"Italy","year":1538,"kind":"Caldera","elev":458}},{"type":"Feature","geometry":{"type":"Point","coordinates":[14.426,40.821]},"properties":{"id":"211020","name":"Vesuvius","country":"Italy","year":1944,"kind":"Stratovolcano","elev":1281}},{"type":"Feature","geometry":{"type":"Point","coordinates":[14.83,39.48]},"properties":{"id":"211031","name":"Palinuro","country":"Italy","year":-8040,"kind":"Compound","elev":-70}},{"type":"Feature","geometry":{"type":"Point","coordinates":[13.897,40.73]},"properties":{"id":"211030","name":"Ischia","country":"Italy","year":1302,"kind":"Complex","elev":789}},{"type":"Feature","geometry":{"type":"Point","coordinates":[15.064,38.638]},"properties":{"id":"211041","name":"Panarea","country":"Italy","year":null,"kind":"Stratovolcano","elev":399}},{"type":"Feature","geometry":{"type":"Point","coordinates":[14.933,38.49]},"properties":{"id":"211042","name":"Lipari","country":"Italy","year":1230,"kind":"Stratovolcano(es)","elev":590}},{"type":"Feature","geometry":{"type":"Point","coordinates":[15.213,38.789]},"properties":{"id":"211040","name":"Stromboli","country":"Italy","year":2026,"kind":"Stratovolcano","elev":924}},{"type":"Feature","geometry":{"type":"Point","coordinates":[14.962,38.404]},"properties":{"id":"211050","name":"Vulcano","country":"Italy","year":1890,"kind":"Stratovolcano(es)","elev":500}},{"type":"Feature","geometry":{"type":"Point","coordinates":[14.999,37.748]},"properties":{"id":"211060","name":"Etna","country":"Italy","year":2026,"kind":"Stratovolcano(es)","elev":3357}},{"type":"Feature","geometry":{"type":"Point","coordinates":[12.02,36.77]},"properties":{"id":"211071","name":"Pantelleria","country":"Italy","year":1891,"kind":"Shield","elev":836}},{"type":"Feature","geometry":{"type":"Point","coordinates":[12.7,37.1]},"properties":{"id":"211070","name":"Campi Flegrei del Mar di Sicilia","country":"Italy","year":1867,"kind":"Volcanic field","elev":-8}},{"type":"Feature","geometry":{"type":"Point","coordinates":[23.3331,37.6186]},"properties":{"id":"212020","name":"Methana","country":"Greece","year":-258,"kind":"Lava dome(s)","elev":380}},{"type":"Feature","geometry":{"type":"Point","coordinates":[24.439,36.699]},"properties":{"id":"212030","name":"Milos","country":"Greece","year":140,"kind":"Stratovolcano(es)","elev":751}},{"type":"Feature","geometry":{"type":"Point","coordinates":[25.396,36.404]},"properties":{"id":"212040","name":"Santorini","country":"Greece","year":1950,"kind":"Shield(s)","elev":367}},{"type":"Feature","geometry":{"type":"Point","coordinates":[27.1553,36.5888]},"properties":{"id":"212050","name":"Nisyros","country":"Greece","year":1888,"kind":"Stratovolcano","elev":698}},{"type":"Feature","geometry":{"type":"Point","coordinates":[28.52,38.58]},"properties":{"id":"213000","name":"Kula","country":"Turkiye","year":null,"kind":"Volcanic field","elev":750}},{"type":"Feature","geometry":{"type":"Point","coordinates":[34.17,38.13]},"properties":{"id":"213002","name":"Hasandag-Keciboyduran Volcanic Complex","country":"Turkiye","year":null,"kind":"Stratovolcano","elev":3253}},{"type":"Feature","geometry":{"type":"Point","coordinates":[39.83,37.67]},"properties":{"id":"213011","name":"Karaca Dag","country":"Turkiye","year":null,"kind":"Shield","elev":1957}},{"type":"Feature","geometry":{"type":"Point","coordinates":[35.447,38.531]},"properties":{"id":"213010","name":"Erciyes Volcanic Complex","country":"Turkiye","year":-6880,"kind":"Stratovolcano","elev":3864}},{"type":"Feature","geometry":{"type":"Point","coordinates":[42.229,38.654]},"properties":{"id":"213020","name":"Nemrut Dagi","country":"Turkiye","year":1650,"kind":"Stratovolcano","elev":2948}},{"type":"Feature","geometry":{"type":"Point","coordinates":[43.874,39.356]},"properties":{"id":"213030","name":"Tenduruk Dagi","country":"Turkiye","year":1855,"kind":"Shield","elev":3514}},{"type":"Feature","geometry":{"type":"Point","coordinates":[44.3,39.7]},"properties":{"id":"213040","name":"Ararat","country":"Turkiye","year":1840,"kind":"Stratovolcano","elev":5165}},{"type":"Feature","geometry":{"type":"Point","coordinates":[42.442,43.351]},"properties":{"id":"214010","name":"Elbrus","country":"Russia","year":50,"kind":"Stratovolcano","elev":5642}},{"type":"Feature","geometry":{"type":"Point","coordinates":[44.5184,42.697]},"properties":{"id":"214020","name":"Kazbek","country":"Georgia","year":-750,"kind":"Stratovolcano","elev":5004}},{"type":"Feature","geometry":{"type":"Point","coordinates":[43.7,41.542]},"properties":{"id":"214050","name":"Samsari Volcanic Center","country":"Georgia","year":null,"kind":"Volcanic field","elev":3290}},{"type":"Feature","geometry":{"type":"Point","coordinates":[44.2,40.53]},"properties":{"id":"214060","name":"Aragats","country":"Armenia","year":null,"kind":"Stratovolcano","elev":4095}},{"type":"Feature","geometry":{"type":"Point","coordinates":[45.0,40.283]},"properties":{"id":"214070","name":"Ghegham Volcanic Ridge","country":"Armenia","year":-1900,"kind":"Volcanic field","elev":3597}},{"type":"Feature","geometry":{"type":"Point","coordinates":[45.497,39.797]},"properties":{"id":"214080","name":"Vaiyots-Sar","country":"Armenia","year":-2000,"kind":"Pyroclastic cone(s)","elev":2575}},{"type":"Feature","geometry":{"type":"Point","coordinates":[45.74,40.028]},"properties":{"id":"214090","name":"Porak","country":"Armenia-Azerbaijan","year":-778,"kind":"Volcanic field","elev":3029}},{"type":"Feature","geometry":{"type":"Point","coordinates":[45.992,39.742]},"properties":{"id":"214100","name":"Tskhouk-Karckar","country":"Armenia-Azerbaijan","year":-3000,"kind":"Pyroclastic cone(s)","elev":3139}},{"type":"Feature","geometry":{"type":"Point","coordinates":[41.83,15.55]},"properties":{"id":"221010","name":"Tair, Jebel at","country":"Yemen","year":2008,"kind":"Stratovolcano","elev":244}},{"type":"Feature","geometry":{"type":"Point","coordinates":[42.75,14.02]},"properties":{"id":"221021","name":"Zukur","country":"Yemen","year":null,"kind":"Shield","elev":624}},{"type":"Feature","geometry":{"type":"Point","coordinates":[42.73,13.72]},"properties":{"id":"221022","name":"Hanish","country":"Yemen","year":null,"kind":"Shield","elev":422}},{"type":"Feature","geometry":{"type":"Point","coordinates":[42.18,15.05]},"properties":{"id":"221020","name":"Zubair Group","country":"Yemen","year":2013,"kind":"Shield","elev":191}},{"type":"Feature","geometry":{"type":"Point","coordinates":[40.3,14.242]},"properties":{"id":"221041","name":"Dallol","country":"Ethiopia","year":2011,"kind":"Explosion crater(s)","elev":-48}},{"type":"Feature","geometry":{"type":"Point","coordinates":[39.92,14.88]},"properties":{"id":"221040","name":"Alid","country":"Eritrea","year":null,"kind":"Stratovolcano","elev":904}},{"type":"Feature","geometry":{"type":"Point","coordinates":[40.408,13.975]},"properties":{"id":"221050","name":"Gada Ale","country":"Ethiopia","year":null,"kind":"Stratovolcano","elev":287}},{"type":"Feature","geometry":{"type":"Point","coordinates":[40.553,13.793]},"properties":{"id":"221060","name":"Alu-Dalafilla","country":"Ethiopia","year":2008,"kind":"Fissure vent(s)","elev":578}},{"type":"Feature","geometry":{"type":"Point","coordinates":[40.6,13.725]},"properties":{"id":"221071","name":"Bora Ale","country":"Ethiopia","year":null,"kind":"Stratovolcano","elev":668}},{"type":"Feature","geometry":{"type":"Point","coordinates":[40.666,13.601]},"properties":{"id":"221080","name":"Erta Ale","country":"Ethiopia","year":2025,"kind":"Shield","elev":585}},{"type":"Feature","geometry":{"type":"Point","coordinates":[40.7161,13.5111]},"properties":{"id":"221091","name":"Hayli Gubbi","country":"Ethiopia","year":2025,"kind":"Shield","elev":493}},{"type":"Feature","geometry":{"type":"Point","coordinates":[40.631,13.512]},"properties":{"id":"221090","name":"Ale Bagu","country":"Ethiopia","year":null,"kind":"Stratovolcano","elev":988}},{"type":"Feature","geometry":{"type":"Point","coordinates":[41.7,13.37]},"properties":{"id":"221101","name":"Nabro","country":"Eritrea","year":2012,"kind":"Stratovolcano","elev":2218}},{"type":"Feature","geometry":{"type":"Point","coordinates":[41.65,13.27]},"properties":{"id":"221102","name":"Mallahle","country":"Ethiopia-Eritrea","year":null,"kind":"Stratovolcano","elev":1875}},{"type":"Feature","geometry":{"type":"Point","coordinates":[41.725,13.18]},"properties":{"id":"221103","name":"Sork Ale","country":"Ethiopia-Eritrea","year":null,"kind":"Stratovolcano","elev":1611}},{"type":"Feature","geometry":{"type":"Point","coordinates":[41.599,13.098]},"properties":{"id":"221104","name":"Asavyo","country":"Ethiopia","year":null,"kind":"Shield","elev":1338}},{"type":"Feature","geometry":{"type":"Point","coordinates":[41.161,13.106]},"properties":{"id":"221105","name":"Mat Ala","country":"Ethiopia","year":null,"kind":"Shield","elev":493}},{"type":"Feature","geometry":{"type":"Point","coordinates":[41.063,13.284]},"properties":{"id":"221106","name":"Tat Ali","country":"Ethiopia","year":null,"kind":"Shield","elev":655}},{"type":"Feature","geometry":{"type":"Point","coordinates":[40.987,13.304]},"properties":{"id":"221107","name":"Borawli","country":"Ethiopia","year":null,"kind":"Stratovolcano","elev":784}},{"type":"Feature","geometry":{"type":"Point","coordinates":[41.809,13.579]},"properties":{"id":"221100","name":"Dubbi","country":"Eritrea","year":1861,"kind":"Stratovolcano","elev":1625}},{"type":"Feature","geometry":{"type":"Point","coordinates":[40.185,13.013]},"properties":{"id":"221111","name":"Ma Alalta","country":"Ethiopia","year":null,"kind":"Stratovolcano","elev":1745}},{"type":"Feature","geometry":{"type":"Point","coordinates":[40.573,12.888]},"properties":{"id":"221112","name":"Alayta","country":"Ethiopia","year":1915,"kind":"Shield","elev":1496}},{"type":"Feature","geometry":{"type":"Point","coordinates":[40.48,12.595]},"properties":{"id":"221113","name":"Dabbahu","country":"Ethiopia","year":2005,"kind":"Stratovolcano","elev":1401}},{"type":"Feature","geometry":{"type":"Point","coordinates":[40.07,12.38]},"properties":{"id":"221114","name":"Dabbayra","country":"Ethiopia","year":null,"kind":"Shield","elev":1302}},{"type":"Feature","geometry":{"type":"Point","coordinates":[40.82,12.17]},"properties":{"id":"221115","name":"Manda Hararo","country":"Ethiopia","year":2009,"kind":"Shield(s)","elev":600}},{"type":"Feature","geometry":{"type":"Point","coordinates":[40.242,11.816]},"properties":{"id":"221116","name":"Groppo","country":"Ethiopia","year":null,"kind":"Volcanic field","elev":852}},{"type":"Feature","geometry":{"type":"Point","coordinates":[40.853,13.088]},"properties":{"id":"221110","name":"Afdera","country":"Ethiopia","year":null,"kind":"Stratovolcano","elev":1250}},{"type":"Feature","geometry":{"type":"Point","coordinates":[41.48,11.75]},"properties":{"id":"221127","name":"Manda Gargori","country":"Ethiopia","year":null,"kind":"Fissure vent(s)","elev":700}},{"type":"Feature","geometry":{"type":"Point","coordinates":[42.2,12.38]},"properties":{"id":"221122","name":"Manda-Inakir","country":"Ethiopia-Djibouti","year":1928,"kind":"Fissure vent(s)","elev":600}},{"type":"Feature","geometry":{"type":"Point","coordinates":[42.404,12.469]},"properties":{"id":"221123","name":"Mousa Alli","country":"Ethiopia-Eritrea-Djibouti","year":null,"kind":"Stratovolcano","elev":1993}},{"type":"Feature","geometry":{"type":"Point","coordinates":[42.53,12.55]},"properties":{"id":"221124","name":"Gufa","country":"Eritrea-Djibouti","year":null,"kind":"Volcanic field","elev":600}},{"type":"Feature","geometry":{"type":"Point","coordinates":[42.43,12.95]},"properties":{"id":"221125","name":"Assab Volcanic Field","country":"Eritrea","year":null,"kind":"Volcanic field","elev":987}},{"type":"Feature","geometry":{"type":"Point","coordinates":[42.47,11.58]},"properties":{"id":"221126","name":"Ardoukoba","country":"Djibouti","year":1978,"kind":"Fissure vent(s)","elev":298}},{"type":"Feature","geometry":{"type":"Point","coordinates":[41.208,11.88]},"properties":{"id":"221120","name":"Kurub","country":"Ethiopia","year":null,"kind":"Shield","elev":625}},{"type":"Feature","geometry":{"type":"Point","coordinates":[41.63,11.28]},"properties":{"id":"221141","name":"Dama Ali","country":"Ethiopia","year":1631,"kind":"Shield","elev":1068}},{"type":"Feature","geometry":{"type":"Point","coordinates":[41.042,10.58]},"properties":{"id":"221151","name":"Yangudi","country":"Ethiopia","year":null,"kind":"Complex","elev":1383}},{"type":"Feature","geometry":{"type":"Point","coordinates":[41.27,11.08]},"properties":{"id":"221150","name":"Gabillema","country":"Ethiopia","year":null,"kind":"Stratovolcano","elev":1459}},{"type":"Feature","geometry":{"type":"Point","coordinates":[40.702,10.082]},"properties":{"id":"221160","name":"Ayelu","country":"Ethiopia","year":null,"kind":"Stratovolcano","elev":2145}},{"type":"Feature","geometry":{"type":"Point","coordinates":[40.33,9.78]},"properties":{"id":"221171","name":"Hertali","country":"Ethiopia","year":null,"kind":"Fissure vent","elev":900}},{"type":"Feature","geometry":{"type":"Point","coordinates":[40.28,9.57]},"properties":{"id":"221172","name":"Liado Hayk","country":"Ethiopia","year":null,"kind":"Volcanic field","elev":878}},{"type":"Feature","geometry":{"type":"Point","coordinates":[40.831,10.063]},"properties":{"id":"221170","name":"Adwa","country":"Ethiopia","year":null,"kind":"Stratovolcano","elev":1670}},{"type":"Feature","geometry":{"type":"Point","coordinates":[40.13,9.35]},"properties":{"id":"221180","name":"Dofen","country":"Ethiopia","year":null,"kind":"Shield","elev":1151}},{"type":"Feature","geometry":{"type":"Point","coordinates":[39.75,8.95]},"properties":{"id":"221191","name":"Beru","country":"Ethiopia","year":null,"kind":"Volcanic field","elev":1100}},{"type":"Feature","geometry":{"type":"Point","coordinates":[39.906,8.985]},"properties":{"id":"221190","name":"Fentale","country":"Ethiopia","year":1789,"kind":"Stratovolcano","elev":2007}},{"type":"Feature","geometry":{"type":"Point","coordinates":[39.6946,8.8105]},"properties":{"id":"221200","name":"Kone","country":"Ethiopia","year":1820,"kind":"Caldera(s)","elev":1380}},{"type":"Feature","geometry":{"type":"Point","coordinates":[39.475,8.558]},"properties":{"id":"221210","name":"Boset","country":"Ethiopia","year":null,"kind":"Stratovolcano(es)","elev":2447}},{"type":"Feature","geometry":{"type":"Point","coordinates":[38.98,8.78]},"properties":{"id":"221220","name":"Bishoftu Volcanic Field","country":"Ethiopia","year":null,"kind":"Volcanic field","elev":1850}},{"type":"Feature","geometry":{"type":"Point","coordinates":[39.35,8.43]},"properties":{"id":"221222","name":"Melkassa","country":"Ethiopia","year":null,"kind":"Volcanic field","elev":1765}},{"type":"Feature","geometry":{"type":"Point","coordinates":[39.172,8.363]},"properties":{"id":"221230","name":"Gedemsa","country":"Ethiopia","year":null,"kind":"Caldera","elev":1909}},{"type":"Feature","geometry":{"type":"Point","coordinates":[39.0812,8.2114]},"properties":{"id":"221250","name":"Bora-Bericha-Tullu Moye","country":"Ethiopia","year":1900,"kind":"Pyroclastic cone","elev":2345}},{"type":"Feature","geometry":{"type":"Point","coordinates":[38.902,7.874]},"properties":{"id":"221252","name":"East Ziway","country":"Ethiopia","year":null,"kind":"Fissure vent(s)","elev":1889}},{"type":"Feature","geometry":{"type":"Point","coordinates":[38.35,8.05]},"properties":{"id":"221260","name":"Butajiri-Silti Field","country":"Ethiopia","year":null,"kind":"Volcanic field","elev":2281}},{"type":"Feature","geometry":{"type":"Point","coordinates":[38.78,7.77]},"properties":{"id":"221270","name":"Aluto","country":"Ethiopia","year":1550,"kind":"Stratovolcano","elev":2335}},{"type":"Feature","geometry":{"type":"Point","coordinates":[38.5571,7.4569]},"properties":{"id":"221280","name":"Shala","country":"Ethiopia","year":null,"kind":"Caldera","elev":2075}},{"type":"Feature","geometry":{"type":"Point","coordinates":[38.39,7.193]},"properties":{"id":"221290","name":"Corbetti","country":"Ethiopia","year":-396,"kind":"Caldera","elev":2289}},{"type":"Feature","geometry":{"type":"Point","coordinates":[38.1,7.07]},"properties":{"id":"221291","name":"Bilate River Field","country":"Ethiopia","year":null,"kind":"Volcanic field","elev":1700}},{"type":"Feature","geometry":{"type":"Point","coordinates":[35.892,5.117]},"properties":{"id":"221320","name":"Korath Range","country":"Ethiopia","year":null,"kind":"Tuff cone(s)","elev":912}},{"type":"Feature","geometry":{"type":"Point","coordinates":[36.0458,4.0631]},"properties":{"id":"222001","name":"Lake Turkana North Island","country":"Kenya","year":null,"kind":"Tuff cone(s)","elev":490}},{"type":"Feature","geometry":{"type":"Point","coordinates":[36.0365,3.496]},"properties":{"id":"222010","name":"Lake Turkana Central Island","country":"Kenya","year":null,"kind":"Tuff cone(s)","elev":518}},{"type":"Feature","geometry":{"type":"Point","coordinates":[37.97,2.32]},"properties":{"id":"222021","name":"Marsabit","country":"Kenya","year":null,"kind":"Shield","elev":1707}},{"type":"Feature","geometry":{"type":"Point","coordinates":[36.5958,2.6364]},"properties":{"id":"222020","name":"Lake Turkana South Island","country":"Kenya","year":1888,"kind":"Stratovolcano","elev":800}},{"type":"Feature","geometry":{"type":"Point","coordinates":[36.57,2.32]},"properties":{"id":"222030","name":"Barrier, The","country":"Kenya","year":1921,"kind":"Shield","elev":1032}},{"type":"Feature","geometry":{"type":"Point","coordinates":[36.43,1.98]},"properties":{"id":"222040","name":"Namarunu","country":"Kenya","year":-6550,"kind":"Shield","elev":817}},{"type":"Feature","geometry":{"type":"Point","coordinates":[37.9,1.57]},"properties":{"id":"222050","name":"Segererua Plateau","country":"Kenya","year":null,"kind":"Pyroclastic cone(s)","elev":699}},{"type":"Feature","geometry":{"type":"Point","coordinates":[36.33,1.5]},"properties":{"id":"222051","name":"Emuruangogolak","country":"Kenya","year":1910,"kind":"Shield","elev":1285}},{"type":"Feature","geometry":{"type":"Point","coordinates":[36.23,1.15]},"properties":{"id":"222052","name":"Silali","country":"Kenya","year":-5050,"kind":"Shield","elev":1528}},{"type":"Feature","geometry":{"type":"Point","coordinates":[36.18,0.92]},"properties":{"id":"222053","name":"Paka","country":"Kenya","year":-7550,"kind":"Shield","elev":1697}},{"type":"Feature","geometry":{"type":"Point","coordinates":[36.12,0.77]},"properties":{"id":"222054","name":"Korosi","country":"Kenya","year":null,"kind":"Shield","elev":1446}},{"type":"Feature","geometry":{"type":"Point","coordinates":[36.075,0.62]},"properties":{"id":"222055","name":"Ol Kokwe","country":"Kenya","year":null,"kind":"Shield","elev":1130}},{"type":"Feature","geometry":{"type":"Point","coordinates":[37.87,0.23]},"properties":{"id":"222056","name":"Nyambeni Hills","country":"Kenya","year":null,"kind":"Shield","elev":750}},{"type":"Feature","geometry":{"type":"Point","coordinates":[36.07,-0.2]},"properties":{"id":"222060","name":"Menengai","country":"Kenya","year":-6050,"kind":"Shield","elev":2278}},{"type":"Feature","geometry":{"type":"Point","coordinates":[36.249,-0.546]},"properties":{"id":"222071","name":"Elmenteita Badlands","country":"Kenya","year":null,"kind":"Pyroclastic cone(s)","elev":2126}},{"type":"Feature","geometry":{"type":"Point","coordinates":[34.5,-0.38]},"properties":{"id":"222070","name":"Homa Mountain","country":"Kenya","year":null,"kind":"Complex","elev":1751}},{"type":"Feature","geometry":{"type":"Point","coordinates":[36.22,-0.65]},"properties":{"id":"222080","name":"Eburru, Ol Doinyo","country":"Kenya","year":null,"kind":"Complex","elev":2856}},{"type":"Feature","geometry":{"type":"Point","coordinates":[36.292,-0.904]},"properties":{"id":"222090","name":"Olkaria","country":"Kenya","year":1770,"kind":"Pyroclastic cone(s)","elev":2434}},{"type":"Feature","geometry":{"type":"Point","coordinates":[36.446,-0.914]},"properties":{"id":"222100","name":"Longonot","country":"Kenya","year":1863,"kind":"Stratovolcano","elev":2776}},{"type":"Feature","geometry":{"type":"Point","coordinates":[36.357,-1.151]},"properties":{"id":"222110","name":"Suswa","country":"Kenya","year":null,"kind":"Shield","elev":2356}},{"type":"Feature","geometry":{"type":"Point","coordinates":[35.914,-2.764]},"properties":{"id":"222120","name":"Lengai, Ol Doinyo","country":"Tanzania","year":2026,"kind":"Stratovolcano","elev":2962}},{"type":"Feature","geometry":{"type":"Point","coordinates":[37.88,-2.68]},"properties":{"id":"222130","name":"Chyulu Hills","country":"Kenya","year":1855,"kind":"Volcanic field","elev":2188}},{"type":"Feature","geometry":{"type":"Point","coordinates":[33.552,-9.0036]},"properties":{"id":"222164","name":"Ngozi","country":"Tanzania","year":1450,"kind":"Caldera","elev":2614}},{"type":"Feature","geometry":{"type":"Point","coordinates":[33.668,-9.135]},"properties":{"id":"222166","name":"Rungwe","country":"Tanzania","year":1250,"kind":"Stratovolcano","elev":2953}},{"type":"Feature","geometry":{"type":"Point","coordinates":[36.75,-3.244]},"properties":{"id":"222160","name":"Meru","country":"Tanzania","year":1910,"kind":"Stratovolcano","elev":4550}},{"type":"Feature","geometry":{"type":"Point","coordinates":[33.792,-9.229]},"properties":{"id":"222170","name":"Kyejo","country":"Tanzania","year":1800,"kind":"Stratovolcano","elev":2176}},{"type":"Feature","geometry":{"type":"Point","coordinates":[30.25,0.7]},"properties":{"id":"223001","name":"Fort Portal Volcanic Field","country":"Uganda","year":-2120,"kind":"Volcanic field","elev":1615}},{"type":"Feature","geometry":{"type":"Point","coordinates":[30.275,0.4583]},"properties":{"id":"223002","name":"Ndali-Kasenda Volcanic Field","country":"Uganda","year":null,"kind":"Volcanic field","elev":1300}},{"type":"Feature","geometry":{"type":"Point","coordinates":[29.2,-1.408]},"properties":{"id":"223020","name":"Nyamulagira","country":"DR Congo","year":2026,"kind":"Shield","elev":3058}},{"type":"Feature","geometry":{"type":"Point","coordinates":[29.25,-1.52]},"properties":{"id":"223030","name":"Nyiragongo","country":"DR Congo","year":2026,"kind":"Stratovolcano","elev":3470}},{"type":"Feature","geometry":{"type":"Point","coordinates":[29.45,-1.506]},"properties":{"id":"223040","name":"Karisimbi","country":"DR Congo-Rwanda","year":-8050,"kind":"Stratovolcano","elev":4490}},{"type":"Feature","geometry":{"type":"Point","coordinates":[8.762,3.588]},"properties":{"id":"224004","name":"Basile, Pico","country":"Equatorial Guinea","year":1923,"kind":"Shield","elev":2999}},{"type":"Feature","geometry":{"type":"Point","coordinates":[9.717,4.758]},"properties":{"id":"224011","name":"Tombel Graben","country":"Cameroon","year":null,"kind":"Volcanic field","elev":500}},{"type":"Feature","geometry":{"type":"Point","coordinates":[9.17,4.203]},"properties":{"id":"224010","name":"Cameroon","country":"Cameroon","year":2000,"kind":"Stratovolcano","elev":4095}},{"type":"Feature","geometry":{"type":"Point","coordinates":[10.5,6.25]},"properties":{"id":"224030","name":"Oku Volcanic Field","country":"Cameroon","year":null,"kind":"Volcanic field","elev":3011}},{"type":"Feature","geometry":{"type":"Point","coordinates":[8.5,17.68]},"properties":{"id":"225001","name":"Todra Volcanic Field","country":"Niger","year":null,"kind":"Volcanic field","elev":1780}},{"type":"Feature","geometry":{"type":"Point","coordinates":[5.0,22.67]},"properties":{"id":"225004","name":"Tahalra Volcanic Field","country":"Algeria","year":null,"kind":"Volcanic field","elev":1467}},{"type":"Feature","geometry":{"type":"Point","coordinates":[5.83,23.33]},"properties":{"id":"225005","name":"Atakor Volcanic Field","country":"Algeria","year":null,"kind":"Volcanic field","elev":2918}},{"type":"Feature","geometry":{"type":"Point","coordinates":[5.83,23.92]},"properties":{"id":"225006","name":"Manzaz Volcanic Field","country":"Algeria","year":null,"kind":"Volcanic field","elev":1672}},{"type":"Feature","geometry":{"type":"Point","coordinates":[16.33,21.33]},"properties":{"id":"225009","name":"Toh, Tarso","country":"Chad","year":null,"kind":"Volcanic field","elev":2000}},{"type":"Feature","geometry":{"type":"Point","coordinates":[16.473,21.0408]},"properties":{"id":"225010","name":"Tousside, Tarso","country":"Chad","year":null,"kind":"Stratovolcano","elev":3299}},{"type":"Feature","geometry":{"type":"Point","coordinates":[18.53,19.8]},"properties":{"id":"225021","name":"Koussi, Emi","country":"Chad","year":null,"kind":"Shield(pyroclastic)","elev":3415}},{"type":"Feature","geometry":{"type":"Point","coordinates":[17.28,20.92]},"properties":{"id":"225020","name":"Voon, Tarso","country":"Chad","year":null,"kind":"Stratovolcano","elev":3100}},{"type":"Feature","geometry":{"type":"Point","coordinates":[24.27,12.95]},"properties":{"id":"225030","name":"Marra, Jebel","country":"Sudan","year":-2000,"kind":"Volcanic field","elev":3042}},{"type":"Feature","geometry":{"type":"Point","coordinates":[25.85,14.57]},"properties":{"id":"225040","name":"Kutum Volcanic Field","country":"Sudan","year":null,"kind":"Volcanic field","elev":1779}},{"type":"Feature","geometry":{"type":"Point","coordinates":[26.47,15.32]},"properties":{"id":"225050","name":"Meidob Volcanic Field","country":"Sudan","year":-2950,"kind":"Volcanic field","elev":2000}},{"type":"Feature","geometry":{"type":"Point","coordinates":[32.75,18.33]},"properties":{"id":"225060","name":"Bayuda Volcanic Field","country":"Sudan","year":850,"kind":"Volcanic field","elev":670}},{"type":"Feature","geometry":{"type":"Point","coordinates":[37.583,32.333]},"properties":{"id":"231001","name":"Ash Shaam, Harrat","country":"Syria-Jordan-Saudi Arabia","year":-2670,"kind":"Volcanic field","elev":1100}},{"type":"Feature","geometry":{"type":"Point","coordinates":[37.75,25.17]},"properties":{"id":"231040","name":"Lunayyir, Harrat","country":"Saudi Arabia","year":1000,"kind":"Volcanic field","elev":1370}},{"type":"Feature","geometry":{"type":"Point","coordinates":[40.2,26.58]},"properties":{"id":"231050","name":"Ithnayn, Harrat","country":"Saudi Arabia","year":null,"kind":"Volcanic field","elev":1625}},{"type":"Feature","geometry":{"type":"Point","coordinates":[40.0,25.5]},"properties":{"id":"231060","name":"Khaybar, Harrat","country":"Saudi Arabia","year":650,"kind":"Volcanic field","elev":2093}},{"type":"Feature","geometry":{"type":"Point","coordinates":[41.38,22.8]},"properties":{"id":"231071","name":"Kishb, Harrat","country":"Saudi Arabia","year":null,"kind":"Volcanic field","elev":1475}},{"type":"Feature","geometry":{"type":"Point","coordinates":[41.63,18.37]},"properties":{"id":"231072","name":"Birk, Harrat al","country":"Saudi Arabia","year":null,"kind":"Volcanic field","elev":587}},{"type":"Feature","geometry":{"type":"Point","coordinates":[39.78,23.08]},"properties":{"id":"231070","name":"Rahat, Harrat","country":"Saudi Arabia","year":1256,"kind":"Volcanic field","elev":1744}},{"type":"Feature","geometry":{"type":"Point","coordinates":[42.83,17.05]},"properties":{"id":"231080","name":"Yar, Jabal","country":"Saudi Arabia","year":1810,"kind":"Volcanic field","elev":305}},{"type":"Feature","geometry":{"type":"Point","coordinates":[44.0978,15.6025]},"properties":{"id":"231090","name":"Arhab, Harra of","country":"Yemen","year":500,"kind":"Volcanic field","elev":3100}},{"type":"Feature","geometry":{"type":"Point","coordinates":[45.1,15.4]},"properties":{"id":"231110","name":"Haylan, Jabal","country":"Yemen","year":-1200,"kind":"Volcanic field","elev":1550}},{"type":"Feature","geometry":{"type":"Point","coordinates":[44.67,14.57]},"properties":{"id":"231120","name":"Dhamar, Harras of","country":"Yemen","year":null,"kind":"Volcanic field","elev":3500}},{"type":"Feature","geometry":{"type":"Point","coordinates":[46.12,13.58]},"properties":{"id":"231160","name":"Sawad, Harra Es-","country":"Yemen","year":1253,"kind":"Volcanic field","elev":1737}},{"type":"Feature","geometry":{"type":"Point","coordinates":[48.3,14.067]},"properties":{"id":"231170","name":"Balhaf-Bir Ali Volcanic Field","country":"Yemen","year":null,"kind":"Volcanic field","elev":604}},{"type":"Feature","geometry":{"type":"Point","coordinates":[50.935,15.515]},"properties":{"id":"231180","name":"Bir Borhut","country":"Yemen","year":null,"kind":"Volcanic field","elev":464}},{"type":"Feature","geometry":{"type":"Point","coordinates":[52.109,35.951]},"properties":{"id":"232010","name":"Damavand","country":"Iran","year":-5350,"kind":"Stratovolcano","elev":5670}},{"type":"Feature","geometry":{"type":"Point","coordinates":[43.35,-11.4861]},"properties":{"id":"233001","name":"Grille, La","country":"Union of the Comoros","year":null,"kind":"Shield","elev":1064}},{"type":"Feature","geometry":{"type":"Point","coordinates":[45.17,-12.83]},"properties":{"id":"233005","name":"Mayotte","country":"France","year":-2050,"kind":"Shield","elev":660}},{"type":"Feature","geometry":{"type":"Point","coordinates":[43.3639,-11.7658]},"properties":{"id":"233010","name":"Karthala","country":"Union of the Comoros","year":2007,"kind":"Shield","elev":2350}},{"type":"Feature","geometry":{"type":"Point","coordinates":[55.708,-21.244]},"properties":{"id":"233020","name":"Fournaise, Piton de la","country":"France","year":2026,"kind":"Shield","elev":2632}},{"type":"Feature","geometry":{"type":"Point","coordinates":[77.8221,-37.7216]},"properties":{"id":"234000","name":"Boomerang Seamount","country":"France","year":1995,"kind":"Caldera","elev":-650}},{"type":"Feature","geometry":{"type":"Point","coordinates":[77.52,-37.83]},"properties":{"id":"234001","name":"Amsterdam Island","country":"France","year":null,"kind":"Stratovolcano","elev":881}},{"type":"Feature","geometry":{"type":"Point","coordinates":[77.53,-38.72]},"properties":{"id":"234002","name":"St. Paul","country":"France","year":1793,"kind":"Stratovolcano","elev":268}},{"type":"Feature","geometry":{"type":"Point","coordinates":[72.595,-53.0394]},"properties":{"id":"234011","name":"McDonald Islands","country":"Australia","year":2005,"kind":"Complex","elev":263}},{"type":"Feature","geometry":{"type":"Point","coordinates":[73.513,-53.106]},"properties":{"id":"234010","name":"Heard","country":"Australia","year":2026,"kind":"Stratovolcano","elev":2745}},{"type":"Feature","geometry":{"type":"Point","coordinates":[69.5,-49.58]},"properties":{"id":"234020","name":"Kerguelen Islands","country":"France","year":null,"kind":"Stratovolcano(es)","elev":1840}},{"type":"Feature","geometry":{"type":"Point","coordinates":[52.2,-46.43]},"properties":{"id":"234030","name":"Est, Ile de l'","country":"France","year":null,"kind":"Stratovolcano","elev":1090}},{"type":"Feature","geometry":{"type":"Point","coordinates":[51.75,-46.42]},"properties":{"id":"234040","name":"Possession, Ile de la","country":"France","year":null,"kind":"Stratovolcano","elev":934}},{"type":"Feature","geometry":{"type":"Point","coordinates":[50.23,-46.1]},"properties":{"id":"234050","name":"Cochons, Ile aux","country":"France","year":null,"kind":"Stratovolcano","elev":775}},{"type":"Feature","geometry":{"type":"Point","coordinates":[37.95,-46.63]},"properties":{"id":"234060","name":"Prince Edward Island","country":"South Africa","year":null,"kind":"Shield","elev":672}},{"type":"Feature","geometry":{"type":"Point","coordinates":[37.75,-46.9]},"properties":{"id":"234070","name":"Marion Island","country":"South Africa","year":2004,"kind":"Shield(s)","elev":1230}},{"type":"Feature","geometry":{"type":"Point","coordinates":[176.25,-37.28]},"properties":{"id":"241021","name":"Tuhua/Mayor Island","country":"New Zealand","year":-5055,"kind":"Shield","elev":355}},{"type":"Feature","geometry":{"type":"Point","coordinates":[174.81,-36.89]},"properties":{"id":"241020","name":"Auckland Volcanic Field","country":"New Zealand","year":1446,"kind":"Volcanic field","elev":260}},{"type":"Feature","geometry":{"type":"Point","coordinates":[174.07,-39.3]},"properties":{"id":"241030","name":"Taranaki","country":"New Zealand","year":1800,"kind":"Stratovolcano","elev":2518}},{"type":"Feature","geometry":{"type":"Point","coordinates":[177.18,-37.52]},"properties":{"id":"241040","name":"Whakaari/White Island","country":"New Zealand","year":2026,"kind":"Stratovolcano(es)","elev":294}},{"type":"Feature","geometry":{"type":"Point","coordinates":[176.5069,-38.1569]},"properties":{"id":"241050","name":"Okataina","country":"New Zealand","year":1981,"kind":"Lava dome(s)","elev":1111}},{"type":"Feature","geometry":{"type":"Point","coordinates":[175.893,-38.7811]},"properties":{"id":"241070","name":"Taupo","country":"New Zealand","year":260,"kind":"Caldera","elev":760}},{"type":"Feature","geometry":{"type":"Point","coordinates":[175.632,-39.157]},"properties":{"id":"241080","name":"Tongariro","country":"New Zealand","year":2012,"kind":"Stratovolcano(es)","elev":1978}},{"type":"Feature","geometry":{"type":"Point","coordinates":[177.839,-36.446]},"properties":{"id":"241101","name":"Clark","country":"New Zealand","year":null,"kind":"Stratovolcano","elev":-860}},{"type":"Feature","geometry":{"type":"Point","coordinates":[178.028,-36.321]},"properties":{"id":"241102","name":"Tangaroa","country":"New Zealand","year":null,"kind":"Stratovolcano","elev":-600}},{"type":"Feature","geometry":{"type":"Point","coordinates":[175.57,-39.28]},"properties":{"id":"241100","name":"Ruapehu","country":"New Zealand","year":2007,"kind":"Stratovolcano","elev":2797}},{"type":"Feature","geometry":{"type":"Point","coordinates":[178.196,-36.142]},"properties":{"id":"241110","name":"Rumble V","country":"New Zealand","year":null,"kind":"Stratovolcano","elev":-400}},{"type":"Feature","geometry":{"type":"Point","coordinates":[178.05,-36.13]},"properties":{"id":"241120","name":"Rumble IV","country":"New Zealand","year":null,"kind":"Stratovolcano","elev":-500}},{"type":"Feature","geometry":{"type":"Point","coordinates":[178.478,-35.745]},"properties":{"id":"241130","name":"Rumble III","country":"New Zealand","year":2008,"kind":"Stratovolcano","elev":-220}},{"type":"Feature","geometry":{"type":"Point","coordinates":[178.527,-35.353]},"properties":{"id":"241131","name":"Rumble II West","country":"New Zealand","year":null,"kind":"Stratovolcano","elev":-1200}},{"type":"Feature","geometry":{"type":"Point","coordinates":[178.973,-35.004]},"properties":{"id":"241140","name":"Healy","country":"New Zealand","year":1360,"kind":"Stratovolcano","elev":-980}},{"type":"Feature","geometry":{"type":"Point","coordinates":[179.0667,-34.875]},"properties":{"id":"241150","name":"Brothers","country":"New Zealand","year":null,"kind":"Caldera","elev":-1350}},{"type":"Feature","geometry":{"type":"Point","coordinates":[-179.18,-31.85]},"properties":{"id":"242001","name":"Wright","country":"New Zealand","year":null,"kind":"Stratovolcano(es)","elev":-900}},{"type":"Feature","geometry":{"type":"Point","coordinates":[-178.556,-30.543]},"properties":{"id":"242010","name":"Curtis Island","country":"New Zealand","year":null,"kind":"Stratovolcano","elev":47}},{"type":"Feature","geometry":{"type":"Point","coordinates":[-178.475,-30.21]},"properties":{"id":"242021","name":"Macauley","country":"New Zealand","year":-4360,"kind":"Caldera","elev":238}},{"type":"Feature","geometry":{"type":"Point","coordinates":[-178.712,-30.036]},"properties":{"id":"242022","name":"Giggenbach","country":"New Zealand","year":null,"kind":"Stratovolcano","elev":-65}},{"type":"Feature","geometry":{"type":"Point","coordinates":[-177.92,-29.27]},"properties":{"id":"242030","name":"Raoul Island","country":"New Zealand","year":2006,"kind":"Stratovolcano","elev":516}},{"type":"Feature","geometry":{"type":"Point","coordinates":[-177.188,-25.887]},"properties":{"id":"242050","name":"Monowai","country":"New Zealand","year":2014,"kind":"Stratovolcano","elev":-132}},{"type":"Feature","geometry":{"type":"Point","coordinates":[-177.02,-24.8]},"properties":{"id":"243001","name":"Kermadec Arc at 24.8\u00b0S","country":"Tonga","year":null,"kind":"Stratovolcano","elev":-385}},{"type":"Feature","geometry":{"type":"Point","coordinates":[-175.75,-21.15]},"properties":{"id":"243011","name":"Tofua Arc at 21.1\u00b0S","country":"Tonga","year":null,"kind":"Stratovolcano","elev":-65}},{"type":"Feature","geometry":{"type":"Point","coordinates":[-175.65,-21.338]},"properties":{"id":"243010","name":"Tofua Arc at 21.3\u00b0S","country":"Tonga","year":1932,"kind":"Stratovolcano","elev":-68}},{"type":"Feature","geometry":{"type":"Point","coordinates":[-175.55,-20.852]},"properties":{"id":"243030","name":"Tofua Arc at 20.9\u00b0S","country":"Tonga","year":2017,"kind":"Stratovolcano","elev":-296}},{"type":"Feature","geometry":{"type":"Point","coordinates":[-175.3841,-20.5532]},"properties":{"id":"243040","name":"Hunga Tonga-Hunga Ha'apai","country":"Tonga","year":2022,"kind":"Caldera","elev":114}},{"type":"Feature","geometry":{"type":"Point","coordinates":[-175.42,-20.32]},"properties":{"id":"243050","name":"Fonuafo'ou","country":"Tonga","year":1936,"kind":"Stratovolcano","elev":-17}},{"type":"Feature","geometry":{"type":"Point","coordinates":[-175.016,-19.668]},"properties":{"id":"243061","name":"Kao","country":"Tonga","year":1847,"kind":"Stratovolcano","elev":1009}},{"type":"Feature","geometry":{"type":"Point","coordinates":[-175.07,-19.75]},"properties":{"id":"243060","name":"Tofua","country":"Tonga","year":2026,"kind":"Caldera","elev":515}},{"type":"Feature","geometry":{"type":"Point","coordinates":[-174.87,-19.18]},"properties":{"id":"243070","name":"Lateiki","country":"Tonga","year":2019,"kind":"Stratovolcano","elev":43}},{"type":"Feature","geometry":{"type":"Point","coordinates":[-174.775,-18.992]},"properties":{"id":"243080","name":"Home Reef","country":"Tonga","year":2026,"kind":"Stratovolcano","elev":-10}},{"type":"Feature","geometry":{"type":"Point","coordinates":[-174.365,-18.325]},"properties":{"id":"243091","name":"Tofua Arc at 18.3\u00b0S","country":"Tonga","year":2019,"kind":"Stratovolcano","elev":-40}},{"type":"Feature","geometry":{"type":"Point","coordinates":[-174.65,-18.806]},"properties":{"id":"243090","name":"Late","country":"Tonga","year":1854,"kind":"Stratovolcano","elev":540}},{"type":"Feature","geometry":{"type":"Point","coordinates":[-173.747,-15.854]},"properties":{"id":"243101","name":"Tafahi","country":"Tonga","year":null,"kind":"Stratovolcano","elev":546}},{"type":"Feature","geometry":{"type":"Point","coordinates":[-173.67,-15.62]},"properties":{"id":"243102","name":"Curacoa","country":"Tonga","year":1979,"kind":"Complex","elev":-33}},{"type":"Feature","geometry":{"type":"Point","coordinates":[-174.317,-18.023]},"properties":{"id":"243100","name":"Fonualei","country":"Tonga","year":1957,"kind":"Stratovolcano","elev":188}},{"type":"Feature","geometry":{"type":"Point","coordinates":[-175.63,-15.6]},"properties":{"id":"243110","name":"Niuafo'ou","country":"Tonga","year":1946,"kind":"Shield","elev":260}},{"type":"Feature","geometry":{"type":"Point","coordinates":[-174.23,-15.37]},"properties":{"id":"243120","name":"Tafu-Maka","country":"Tonga","year":2008,"kind":"Fissure vent","elev":-1400}},{"type":"Feature","geometry":{"type":"Point","coordinates":[-173.75,-15.1]},"properties":{"id":"243130","name":"West Mata","country":"Tonga","year":2009,"kind":"Fissure vent(s)","elev":-1174}},{"type":"Feature","geometry":{"type":"Point","coordinates":[-169.058,-14.215]},"properties":{"id":"244000","name":"Vailuluu","country":"United States","year":2003,"kind":"Shield","elev":-592}},{"type":"Feature","geometry":{"type":"Point","coordinates":[-169.454,-14.23]},"properties":{"id":"244001","name":"Tau","country":"United States","year":null,"kind":"Shield","elev":931}},{"type":"Feature","geometry":{"type":"Point","coordinates":[-169.618,-14.175]},"properties":{"id":"244010","name":"Ofu-Olosega","country":"United States","year":1866,"kind":"Shield(s)","elev":639}},{"type":"Feature","geometry":{"type":"Point","coordinates":[-170.7019,-14.2903]},"properties":{"id":"244020","name":"Tutuila","country":"United States","year":440,"kind":"Tuff cone(s)","elev":653}},{"type":"Feature","geometry":{"type":"Point","coordinates":[-171.72,-13.935]},"properties":{"id":"244030","name":"Upolu","country":"Samoa","year":null,"kind":"Shield","elev":1100}},{"type":"Feature","geometry":{"type":"Point","coordinates":[-172.525,-13.612]},"properties":{"id":"244040","name":"Savaii","country":"Samoa","year":1911,"kind":"Shield","elev":1858}},{"type":"Feature","geometry":{"type":"Point","coordinates":[-179.9644,-16.8412]},"properties":{"id":"245010","name":"Taveuni","country":"Fiji","year":1550,"kind":"Shield","elev":1241}},{"type":"Feature","geometry":{"type":"Point","coordinates":[177.9815,-19.1181]},"properties":{"id":"245030","name":"Nabukelevu","country":"Fiji","year":1660,"kind":"Lava dome(s)","elev":791}},{"type":"Feature","geometry":{"type":"Point","coordinates":[147.35,-2.38]},"properties":{"id":"250010","name":"St. Andrew Strait","country":"Papua New Guinea","year":1957,"kind":"Complex","elev":270}},{"type":"Feature","geometry":{"type":"Point","coordinates":[147.78,-3.03]},"properties":{"id":"250030","name":"Titan Ridge","country":"Papua New Guinea","year":1972,"kind":"Fissure vent","elev":-1300}},{"type":"Feature","geometry":{"type":"Point","coordinates":[144.605,-3.507]},"properties":{"id":"251001","name":"Blup Blup","country":"Papua New Guinea","year":null,"kind":"Stratovolcano","elev":402}},{"type":"Feature","geometry":{"type":"Point","coordinates":[144.588,-3.608]},"properties":{"id":"251002","name":"Kadovar","country":"Papua New Guinea","year":2023,"kind":"Stratovolcano","elev":365}},{"type":"Feature","geometry":{"type":"Point","coordinates":[144.818,-3.613]},"properties":{"id":"251010","name":"Bam","country":"Papua New Guinea","year":1960,"kind":"Stratovolcano","elev":685}},{"type":"Feature","geometry":{"type":"Point","coordinates":[145.037,-4.08]},"properties":{"id":"251020","name":"Manam","country":"Papua New Guinea","year":2026,"kind":"Stratovolcano","elev":1807}},{"type":"Feature","geometry":{"type":"Point","coordinates":[145.976,-4.647]},"properties":{"id":"251030","name":"Karkar","country":"Papua New Guinea","year":1979,"kind":"Stratovolcano","elev":1839}},{"type":"Feature","geometry":{"type":"Point","coordinates":[146.717,-4.883]},"properties":{"id":"251041","name":"Hankow Reef","country":"Papua New Guinea","year":null,"kind":"Stratovolcano","elev":-5}},{"type":"Feature","geometry":{"type":"Point","coordinates":[147.105,-5.3144]},"properties":{"id":"251050","name":"Long Island","country":"Papua New Guinea","year":1993,"kind":"Complex","elev":1263}},{"type":"Feature","geometry":{"type":"Point","coordinates":[147.892,-5.592]},"properties":{"id":"251060","name":"Umboi","country":"Papua New Guinea","year":null,"kind":"Complex","elev":1335}},{"type":"Feature","geometry":{"type":"Point","coordinates":[148.115,-5.519]},"properties":{"id":"251070","name":"Ritter Island","country":"Papua New Guinea","year":2007,"kind":"Stratovolcano","elev":75}},{"type":"Feature","geometry":{"type":"Point","coordinates":[148.0836,-5.4098]},"properties":{"id":"251080","name":"Sakar","country":"Papua New Guinea","year":null,"kind":"Stratovolcano","elev":947}},{"type":"Feature","geometry":{"type":"Point","coordinates":[148.42,-5.525]},"properties":{"id":"252010","name":"Langila","country":"Papua New Guinea","year":2026,"kind":"Complex","elev":1330}},{"type":"Feature","geometry":{"type":"Point","coordinates":[150.0996,-5.0455]},"properties":{"id":"252040","name":"Dakataua","country":"Papua New Guinea","year":1895,"kind":"Caldera","elev":408}},{"type":"Feature","geometry":{"type":"Point","coordinates":[150.038,-5.141]},"properties":{"id":"252050","name":"Bola","country":"Papua New Guinea","year":null,"kind":"Stratovolcano","elev":1116}},{"type":"Feature","geometry":{"type":"Point","coordinates":[150.07,-5.3]},"properties":{"id":"252060","name":"Garua Harbour","country":"Papua New Guinea","year":null,"kind":"Volcanic field","elev":565}},{"type":"Feature","geometry":{"type":"Point","coordinates":[150.509,-5.466]},"properties":{"id":"252071","name":"Lolo","country":"Papua New Guinea","year":null,"kind":"Stratovolcano","elev":796}},{"type":"Feature","geometry":{"type":"Point","coordinates":[150.027,-5.416]},"properties":{"id":"252070","name":"Krummel-Garbuna-Welcker","country":"Papua New Guinea","year":2008,"kind":"Stratovolcano(es)","elev":564}},{"type":"Feature","geometry":{"type":"Point","coordinates":[150.5161,-5.5745]},"properties":{"id":"252080","name":"Witori","country":"Papua New Guinea","year":2012,"kind":"Caldera","elev":724}},{"type":"Feature","geometry":{"type":"Point","coordinates":[150.942,-5.5]},"properties":{"id":"252090","name":"Sulu Range","country":"Papua New Guinea","year":null,"kind":"Stratovolcano(es)","elev":610}},{"type":"Feature","geometry":{"type":"Point","coordinates":[151.1,-5.33]},"properties":{"id":"252100","name":"Hargy","country":"Papua New Guinea","year":950,"kind":"Stratovolcano","elev":1148}},{"type":"Feature","geometry":{"type":"Point","coordinates":[151.23,-5.2]},"properties":{"id":"252110","name":"Bamus","country":"Papua New Guinea","year":1886,"kind":"Stratovolcano","elev":2248}},{"type":"Feature","geometry":{"type":"Point","coordinates":[151.33,-5.05]},"properties":{"id":"252120","name":"Ulawun","country":"Papua New Guinea","year":2025,"kind":"Stratovolcano","elev":2334}},{"type":"Feature","geometry":{"type":"Point","coordinates":[151.1617,-4.9156]},"properties":{"id":"252130","name":"Lolobau","country":"Papua New Guinea","year":1912,"kind":"Caldera","elev":878}},{"type":"Feature","geometry":{"type":"Point","coordinates":[152.1937,-4.2459]},"properties":{"id":"252140","name":"Rabaul","country":"Papua New Guinea","year":2014,"kind":"Caldera","elev":688}},{"type":"Feature","geometry":{"type":"Point","coordinates":[152.2134,-4.1089]},"properties":{"id":"252150","name":"Tavui","country":"Papua New Guinea","year":-4946,"kind":"Caldera","elev":200}},{"type":"Feature","geometry":{"type":"Point","coordinates":[148.37,-9.0]},"properties":{"id":"253011","name":"Hydrographers Range","country":"Papua New Guinea","year":null,"kind":"Stratovolcano","elev":1915}},{"type":"Feature","geometry":{"type":"Point","coordinates":[148.15,-8.95]},"properties":{"id":"253010","name":"Lamington","country":"Papua New Guinea","year":1956,"kind":"Stratovolcano","elev":1680}},{"type":"Feature","geometry":{"type":"Point","coordinates":[148.33,-9.08]},"properties":{"id":"253021","name":"Managlase Plateau","country":"Papua New Guinea","year":null,"kind":"Volcanic field","elev":1342}},{"type":"Feature","geometry":{"type":"Point","coordinates":[149.072,-9.2003]},"properties":{"id":"253030","name":"Victory","country":"Papua New Guinea","year":1935,"kind":"Stratovolcano","elev":1832}},{"type":"Feature","geometry":{"type":"Point","coordinates":[150.246,-9.358]},"properties":{"id":"253041","name":"Goodenough","country":"Papua New Guinea","year":null,"kind":"Volcanic field","elev":220}},{"type":"Feature","geometry":{"type":"Point","coordinates":[149.1278,-9.5542]},"properties":{"id":"253040","name":"Sessagara Hills","country":"Papua New Guinea","year":1944,"kind":"Volcanic field","elev":493}},{"type":"Feature","geometry":{"type":"Point","coordinates":[150.5239,-9.5056]},"properties":{"id":"253050","name":"Iamalele","country":"Papua New Guinea","year":null,"kind":"Lava dome(s)","elev":194}},{"type":"Feature","geometry":{"type":"Point","coordinates":[150.88,-9.62]},"properties":{"id":"253060","name":"Dawson Strait Group","country":"Papua New Guinea","year":1350,"kind":"Volcanic field","elev":500}},{"type":"Feature","geometry":{"type":"Point","coordinates":[155.2254,-6.0898]},"properties":{"id":"255011","name":"Billy Mitchell","country":"Papua New Guinea","year":1580,"kind":"Caldera","elev":1544}},{"type":"Feature","geometry":{"type":"Point","coordinates":[155.0008,-5.9156]},"properties":{"id":"255010","name":"Balbi","country":"Papua New Guinea","year":null,"kind":"Stratovolcano","elev":2715}},{"type":"Feature","geometry":{"type":"Point","coordinates":[155.608,-6.442]},"properties":{"id":"255021","name":"Takuan Group","country":"Papua New Guinea","year":null,"kind":"Compound","elev":2210}},{"type":"Feature","geometry":{"type":"Point","coordinates":[155.196,-6.137]},"properties":{"id":"255020","name":"Bagana","country":"Papua New Guinea","year":2026,"kind":"Lava cone","elev":1855}},{"type":"Feature","geometry":{"type":"Point","coordinates":[155.62,-6.52]},"properties":{"id":"255030","name":"Loloru","country":"Papua New Guinea","year":-1050,"kind":"Compound","elev":1887}},{"type":"Feature","geometry":{"type":"Point","coordinates":[157.03,-8.75]},"properties":{"id":"255052","name":"Kana Keoki","country":"Solomon Islands","year":null,"kind":"Stratovolcano","elev":-700}},{"type":"Feature","geometry":{"type":"Point","coordinates":[157.16,-8.841]},"properties":{"id":"255053","name":"Coleman Seamount","country":"Solomon Islands","year":null,"kind":"Stratovolcano","elev":-717}},{"type":"Feature","geometry":{"type":"Point","coordinates":[156.52,-8.292]},"properties":{"id":"255050","name":"Simbo","country":"Solomon Islands","year":1910,"kind":"Stratovolcano(es)","elev":335}},{"type":"Feature","geometry":{"type":"Point","coordinates":[158.03,-8.92]},"properties":{"id":"255061","name":"New Georgia at 8.9\u00b0S","country":"Solomon Islands","year":null,"kind":"Stratovolcano","elev":-240}},{"type":"Feature","geometry":{"type":"Point","coordinates":[157.979,-8.991]},"properties":{"id":"255060","name":"Kavachi","country":"Solomon Islands","year":2014,"kind":"Stratovolcano","elev":-20}},{"type":"Feature","geometry":{"type":"Point","coordinates":[159.8119,-9.1324]},"properties":{"id":"255070","name":"Savo","country":"Solomon Islands","year":1847,"kind":"Stratovolcano","elev":455}},{"type":"Feature","geometry":{"type":"Point","coordinates":[165.804,-10.386]},"properties":{"id":"256010","name":"Tinakula","country":"Solomon Islands","year":2024,"kind":"Stratovolcano","elev":796}},{"type":"Feature","geometry":{"type":"Point","coordinates":[167.67,-13.67]},"properties":{"id":"257001","name":"Motlav","country":"Vanuatu","year":null,"kind":"Stratovolcano","elev":411}},{"type":"Feature","geometry":{"type":"Point","coordinates":[167.47,-13.8]},"properties":{"id":"257010","name":"Suretamatai","country":"Vanuatu","year":1966,"kind":"Complex","elev":921}},{"type":"Feature","geometry":{"type":"Point","coordinates":[167.514,-14.281]},"properties":{"id":"257020","name":"Gaua","country":"Vanuatu","year":2022,"kind":"Stratovolcano","elev":729}},{"type":"Feature","geometry":{"type":"Point","coordinates":[167.835,-15.389]},"properties":{"id":"257030","name":"Ambae","country":"Vanuatu","year":2026,"kind":"Shield","elev":1496}},{"type":"Feature","geometry":{"type":"Point","coordinates":[168.12,-16.25]},"properties":{"id":"257040","name":"Ambrym","country":"Vanuatu","year":2024,"kind":"Shield(pyroclastic)","elev":1334}},{"type":"Feature","geometry":{"type":"Point","coordinates":[168.346,-16.507]},"properties":{"id":"257050","name":"Lopevi","country":"Vanuatu","year":2007,"kind":"Stratovolcano","elev":1413}},{"type":"Feature","geometry":{"type":"Point","coordinates":[168.3893,-16.6797]},"properties":{"id":"257060","name":"East Epi","country":"Vanuatu","year":2023,"kind":"Stratovolcano(es)","elev":833}},{"type":"Feature","geometry":{"type":"Point","coordinates":[168.5227,-16.8304]},"properties":{"id":"257070","name":"Kuwae","country":"Vanuatu","year":1974,"kind":"Caldera","elev":-2}},{"type":"Feature","geometry":{"type":"Point","coordinates":[168.353,-17.4522]},"properties":{"id":"257081","name":"Nguna-Emau","country":"Vanuatu","year":null,"kind":"Stratovolcano(es)","elev":589}},{"type":"Feature","geometry":{"type":"Point","coordinates":[169.238,-18.754]},"properties":{"id":"257090","name":"Traitor's Head","country":"Vanuatu","year":1881,"kind":"Stratovolcano","elev":817}},{"type":"Feature","geometry":{"type":"Point","coordinates":[169.447,-19.532]},"properties":{"id":"257100","name":"Yasur","country":"Vanuatu","year":2026,"kind":"Stratovolcano","elev":361}},{"type":"Feature","geometry":{"type":"Point","coordinates":[170.13,-20.957]},"properties":{"id":"258001","name":"Gemini-Oscostar","country":"Vanuatu","year":1996,"kind":"Stratovolcano","elev":-33}},{"type":"Feature","geometry":{"type":"Point","coordinates":[171.32,-22.33]},"properties":{"id":"258010","name":"Matthew Island","country":"France - claimed by Vanuatu","year":1956,"kind":"Stratovolcano","elev":177}},{"type":"Feature","geometry":{"type":"Point","coordinates":[172.05,-22.4]},"properties":{"id":"258020","name":"Hunter Island","country":"France - claimed by Vanuatu","year":1903,"kind":"Stratovolcano","elev":297}},{"type":"Feature","geometry":{"type":"Point","coordinates":[142.5,-37.77]},"properties":{"id":"259010","name":"Newer Volcanics Province","country":"Australia","year":-2900,"kind":"Volcanic field","elev":1011}},{"type":"Feature","geometry":{"type":"Point","coordinates":[144.567,-18.367]},"properties":{"id":"259804","name":"McBride Volcanic Province","country":"Australia","year":-5050,"kind":"Volcanic field","elev":1020}},{"type":"Feature","geometry":{"type":"Point","coordinates":[93.858,12.278]},"properties":{"id":"260010","name":"Barren Island","country":"India","year":2026,"kind":"Stratovolcano","elev":354}},{"type":"Feature","geometry":{"type":"Point","coordinates":[96.289,4.903]},"properties":{"id":"261030","name":"Peuet Sague","country":"Indonesia","year":2000,"kind":"Complex","elev":2785}},{"type":"Feature","geometry":{"type":"Point","coordinates":[96.821,4.769]},"properties":{"id":"261050","name":"Telong, Bur ni","country":"Indonesia","year":1937,"kind":"Stratovolcano","elev":2617}},{"type":"Feature","geometry":{"type":"Point","coordinates":[98.5127,3.2379]},"properties":{"id":"261070","name":"Singkut","country":"Indonesia","year":1881,"kind":"Caldera(s)","elev":2181}},{"type":"Feature","geometry":{"type":"Point","coordinates":[98.392,3.17]},"properties":{"id":"261080","name":"Sinabung","country":"Indonesia","year":2021,"kind":"Stratovolcano","elev":2460}},{"type":"Feature","geometry":{"type":"Point","coordinates":[99.6628,0.4756]},"properties":{"id":"261121","name":"Malintang","country":"Indonesia","year":null,"kind":"Stratovolcano","elev":1988}},{"type":"Feature","geometry":{"type":"Point","coordinates":[99.5409,0.6834]},"properties":{"id":"261120","name":"Sorikmarapi","country":"Indonesia","year":1986,"kind":"Stratovolcano","elev":2145}},{"type":"Feature","geometry":{"type":"Point","coordinates":[99.984,0.0787]},"properties":{"id":"261130","name":"Talakmau","country":"Indonesia","year":null,"kind":"Complex","elev":2911}},{"type":"Feature","geometry":{"type":"Point","coordinates":[100.474,-0.38]},"properties":{"id":"261140","name":"Marapi","country":"Indonesia","year":2026,"kind":"Complex","elev":2885}},{"type":"Feature","geometry":{"type":"Point","coordinates":[100.3192,-0.4311]},"properties":{"id":"261150","name":"Tandikat-Singgalang","country":"Indonesia","year":1924,"kind":"Stratovolcano(es)","elev":2879}},{"type":"Feature","geometry":{"type":"Point","coordinates":[100.681,-0.979]},"properties":{"id":"261160","name":"Talang","country":"Indonesia","year":2007,"kind":"Stratovolcano","elev":2575}},{"type":"Feature","geometry":{"type":"Point","coordinates":[101.264,-1.697]},"properties":{"id":"261170","name":"Kerinci","country":"Indonesia","year":2024,"kind":"Stratovolcano","elev":3800}},{"type":"Feature","geometry":{"type":"Point","coordinates":[101.728,-2.414]},"properties":{"id":"261180","name":"Sumbing","country":"Indonesia","year":1921,"kind":"Stratovolcano","elev":2507}},{"type":"Feature","geometry":{"type":"Point","coordinates":[102.6261,-3.5156]},"properties":{"id":"261220","name":"Kaba","country":"Indonesia","year":2000,"kind":"Stratovolcano","elev":1962}},{"type":"Feature","geometry":{"type":"Point","coordinates":[103.306,-4.257]},"properties":{"id":"261231","name":"Patah","country":"Indonesia","year":null,"kind":"Stratovolcano?","elev":2836}},{"type":"Feature","geometry":{"type":"Point","coordinates":[103.121,-4.016]},"properties":{"id":"261230","name":"Dempo","country":"Indonesia","year":2025,"kind":"Stratovolcano(es)","elev":3142}},{"type":"Feature","geometry":{"type":"Point","coordinates":[103.925,-4.871]},"properties":{"id":"261251","name":"Ranau","country":"Indonesia","year":null,"kind":"Caldera","elev":1854}},{"type":"Feature","geometry":{"type":"Point","coordinates":[104.27,-5.25]},"properties":{"id":"261270","name":"Suoh","country":"Indonesia","year":2024,"kind":"Caldera(s)","elev":1000}},{"type":"Feature","geometry":{"type":"Point","coordinates":[105.4233,-6.1009]},"properties":{"id":"262000","name":"Krakatau","country":"Indonesia","year":2024,"kind":"Caldera","elev":285}},{"type":"Feature","geometry":{"type":"Point","coordinates":[105.978,-6.343]},"properties":{"id":"263010","name":"Pulosari","country":"Indonesia","year":null,"kind":"Stratovolcano","elev":1324}},{"type":"Feature","geometry":{"type":"Point","coordinates":[106.05,-6.268]},"properties":{"id":"263020","name":"Karang","country":"Indonesia","year":null,"kind":"Stratovolcano","elev":1768}},{"type":"Feature","geometry":{"type":"Point","coordinates":[106.675,-6.75]},"properties":{"id":"263040","name":"Perbakti-Gagak","country":"Indonesia","year":1939,"kind":"Stratovolcano(es)","elev":1726}},{"type":"Feature","geometry":{"type":"Point","coordinates":[106.733,-6.716]},"properties":{"id":"263050","name":"Salak","country":"Indonesia","year":1938,"kind":"Stratovolcano","elev":2218}},{"type":"Feature","geometry":{"type":"Point","coordinates":[106.983,-6.786]},"properties":{"id":"263060","name":"Gede-Pangrango","country":"Indonesia","year":1957,"kind":"Stratovolcano(es)","elev":3026}},{"type":"Feature","geometry":{"type":"Point","coordinates":[107.4,-7.162]},"properties":{"id":"263070","name":"Patuha","country":"Indonesia","year":null,"kind":"Stratovolcano","elev":2422}},{"type":"Feature","geometry":{"type":"Point","coordinates":[107.6,-6.77]},"properties":{"id":"263090","name":"Tangkuban Parahu","country":"Indonesia","year":2019,"kind":"Stratovolcano","elev":2084}},{"type":"Feature","geometry":{"type":"Point","coordinates":[107.7306,-7.3175]},"properties":{"id":"263100","name":"Papandayan","country":"Indonesia","year":2002,"kind":"Stratovolcano(es)","elev":2643}},{"type":"Feature","geometry":{"type":"Point","coordinates":[107.9612,-6.7639]},"properties":{"id":"263131","name":"Tampomas","country":"Indonesia","year":null,"kind":"Stratovolcano","elev":1690}},{"type":"Feature","geometry":{"type":"Point","coordinates":[107.841,-7.143]},"properties":{"id":"263130","name":"Guntur","country":"Indonesia","year":1847,"kind":"Complex","elev":2251}},{"type":"Feature","geometry":{"type":"Point","coordinates":[108.058,-7.25]},"properties":{"id":"263140","name":"Galunggung","country":"Indonesia","year":1984,"kind":"Stratovolcano","elev":2168}},{"type":"Feature","geometry":{"type":"Point","coordinates":[108.07,-7.208]},"properties":{"id":"263150","name":"Talagabodas","country":"Indonesia","year":null,"kind":"Stratovolcano","elev":2201}},{"type":"Feature","geometry":{"type":"Point","coordinates":[108.408,-6.895]},"properties":{"id":"263170","name":"Ciremai","country":"Indonesia","year":1951,"kind":"Stratovolcano","elev":3039}},{"type":"Feature","geometry":{"type":"Point","coordinates":[109.208,-7.242]},"properties":{"id":"263180","name":"Slamet","country":"Indonesia","year":2014,"kind":"Stratovolcano","elev":3428}},{"type":"Feature","geometry":{"type":"Point","coordinates":[109.879,-7.2]},"properties":{"id":"263200","name":"Dieng Volcanic Complex","country":"Indonesia","year":2025,"kind":"Complex","elev":2565}},{"type":"Feature","geometry":{"type":"Point","coordinates":[109.997,-7.3014]},"properties":{"id":"263210","name":"Sundoro","country":"Indonesia","year":1971,"kind":"Stratovolcano","elev":3149}},{"type":"Feature","geometry":{"type":"Point","coordinates":[110.0747,-7.3819]},"properties":{"id":"263220","name":"Sumbing","country":"Indonesia","year":1730,"kind":"Stratovolcano","elev":3370}},{"type":"Feature","geometry":{"type":"Point","coordinates":[110.44,-7.454]},"properties":{"id":"263240","name":"Merbabu","country":"Indonesia","year":1797,"kind":"Stratovolcano","elev":3118}},{"type":"Feature","geometry":{"type":"Point","coordinates":[110.446,-7.54]},"properties":{"id":"263250","name":"Merapi","country":"Indonesia","year":2026,"kind":"Stratovolcano","elev":2910}},{"type":"Feature","geometry":{"type":"Point","coordinates":[111.192,-7.625]},"properties":{"id":"263260","name":"Lawu","country":"Indonesia","year":null,"kind":"Stratovolcano","elev":3265}},{"type":"Feature","geometry":{"type":"Point","coordinates":[112.45,-7.92]},"properties":{"id":"263281","name":"Kawi-Butak","country":"Indonesia","year":null,"kind":"Stratovolcano(es)","elev":2651}},{"type":"Feature","geometry":{"type":"Point","coordinates":[112.314,-7.935]},"properties":{"id":"263280","name":"Kelud","country":"Indonesia","year":2014,"kind":"Stratovolcano","elev":1730}},{"type":"Feature","geometry":{"type":"Point","coordinates":[112.62,-7.616]},"properties":{"id":"263291","name":"Penanggungan","country":"Indonesia","year":null,"kind":"Stratovolcano","elev":1631}},{"type":"Feature","geometry":{"type":"Point","coordinates":[112.575,-7.733]},"properties":{"id":"263290","name":"Arjuno-Welirang","country":"Indonesia","year":1952,"kind":"Stratovolcano","elev":3343}},{"type":"Feature","geometry":{"type":"Point","coordinates":[112.922,-8.108]},"properties":{"id":"263300","name":"Semeru","country":"Indonesia","year":2026,"kind":"Stratovolcano","elev":3657}},{"type":"Feature","geometry":{"type":"Point","coordinates":[112.95,-7.942]},"properties":{"id":"263310","name":"Tengger Caldera","country":"Indonesia","year":2023,"kind":"Stratovolcano(es)","elev":2329}},{"type":"Feature","geometry":{"type":"Point","coordinates":[113.341,-7.981]},"properties":{"id":"263320","name":"Lamongan","country":"Indonesia","year":1898,"kind":"Stratovolcano","elev":1641}},{"type":"Feature","geometry":{"type":"Point","coordinates":[113.57,-7.97]},"properties":{"id":"263330","name":"Iyang-Argapura","country":"Indonesia","year":null,"kind":"Complex","elev":3088}},{"type":"Feature","geometry":{"type":"Point","coordinates":[114.056,-8.119]},"properties":{"id":"263340","name":"Raung","country":"Indonesia","year":2025,"kind":"Stratovolcano","elev":3260}},{"type":"Feature","geometry":{"type":"Point","coordinates":[114.37,-7.85]},"properties":{"id":"263351","name":"Baluran","country":"Indonesia","year":null,"kind":"Stratovolcano","elev":1247}},{"type":"Feature","geometry":{"type":"Point","coordinates":[114.242,-8.058]},"properties":{"id":"263350","name":"Ijen","country":"Indonesia","year":1999,"kind":"Stratovolcano(es)","elev":2769}},{"type":"Feature","geometry":{"type":"Point","coordinates":[115.133,-8.283]},"properties":{"id":"264001","name":"Buyan-Bratan","country":"Indonesia","year":null,"kind":"Caldera","elev":2244}},{"type":"Feature","geometry":{"type":"Point","coordinates":[115.3775,-8.2403]},"properties":{"id":"264010","name":"Batur","country":"Indonesia","year":2000,"kind":"Caldera","elev":1711}},{"type":"Feature","geometry":{"type":"Point","coordinates":[115.508,-8.343]},"properties":{"id":"264020","name":"Agung","country":"Indonesia","year":2022,"kind":"Stratovolcano","elev":2997}},{"type":"Feature","geometry":{"type":"Point","coordinates":[116.47,-8.42]},"properties":{"id":"264030","name":"Rinjani","country":"Indonesia","year":2016,"kind":"Stratovolcano","elev":3726}},{"type":"Feature","geometry":{"type":"Point","coordinates":[118.0,-8.25]},"properties":{"id":"264040","name":"Tambora","country":"Indonesia","year":1967,"kind":"Stratovolcano","elev":2850}},{"type":"Feature","geometry":{"type":"Point","coordinates":[119.07,-8.2]},"properties":{"id":"264050","name":"Sangeang Api","country":"Indonesia","year":2022,"kind":"Complex","elev":1912}},{"type":"Feature","geometry":{"type":"Point","coordinates":[120.0074,-8.7345]},"properties":{"id":"264060","name":"Sano, Wai","country":"Indonesia","year":null,"kind":"Caldera","elev":1319}},{"type":"Feature","geometry":{"type":"Point","coordinates":[120.5302,-8.637]},"properties":{"id":"264071","name":"Ranakah","country":"Indonesia","year":1991,"kind":"Lava dome(s)","elev":2288}},{"type":"Feature","geometry":{"type":"Point","coordinates":[120.95,-8.875]},"properties":{"id":"264080","name":"Inierie","country":"Indonesia","year":-8050,"kind":"Stratovolcano","elev":2245}},{"type":"Feature","geometry":{"type":"Point","coordinates":[120.98,-8.73]},"properties":{"id":"264090","name":"Inielika","country":"Indonesia","year":2001,"kind":"Complex","elev":1559}},{"type":"Feature","geometry":{"type":"Point","coordinates":[121.191,-8.817]},"properties":{"id":"264100","name":"Ebulobo","country":"Indonesia","year":1969,"kind":"Stratovolcano","elev":2096}},{"type":"Feature","geometry":{"type":"Point","coordinates":[121.641,-8.891]},"properties":{"id":"264110","name":"Iya","country":"Indonesia","year":1969,"kind":"Stratovolcano","elev":618}},{"type":"Feature","geometry":{"type":"Point","coordinates":[121.82,-8.77]},"properties":{"id":"264140","name":"Kelimutu","country":"Indonesia","year":1968,"kind":"Complex","elev":1639}},{"type":"Feature","geometry":{"type":"Point","coordinates":[121.708,-8.32]},"properties":{"id":"264150","name":"Paluweh","country":"Indonesia","year":2013,"kind":"Stratovolcano","elev":875}},{"type":"Feature","geometry":{"type":"Point","coordinates":[122.455,-8.676]},"properties":{"id":"264160","name":"Egon","country":"Indonesia","year":2008,"kind":"Stratovolcano","elev":1661}},{"type":"Feature","geometry":{"type":"Point","coordinates":[122.775,-8.542]},"properties":{"id":"264180","name":"Lewotobi","country":"Indonesia","year":2026,"kind":"Stratovolcano(es)","elev":1703}},{"type":"Feature","geometry":{"type":"Point","coordinates":[123.258,-8.342]},"properties":{"id":"264220","name":"Iliboleng","country":"Indonesia","year":1993,"kind":"Stratovolcano","elev":1659}},{"type":"Feature","geometry":{"type":"Point","coordinates":[123.508,-8.274]},"properties":{"id":"264230","name":"Lewotolok","country":"Indonesia","year":2026,"kind":"Stratovolcano","elev":1431}},{"type":"Feature","geometry":{"type":"Point","coordinates":[123.38,-8.55]},"properties":{"id":"264240","name":"Ililabalekan","country":"Indonesia","year":null,"kind":"Stratovolcano","elev":1018}},{"type":"Feature","geometry":{"type":"Point","coordinates":[123.573,-8.532]},"properties":{"id":"264250","name":"Iliwerung","country":"Indonesia","year":2021,"kind":"Complex","elev":583}},{"type":"Feature","geometry":{"type":"Point","coordinates":[123.585,-7.791]},"properties":{"id":"264260","name":"Tara, Batu","country":"Indonesia","year":2015,"kind":"Stratovolcano","elev":633}},{"type":"Feature","geometry":{"type":"Point","coordinates":[124.1306,-8.4972]},"properties":{"id":"264270","name":"Sirung","country":"Indonesia","year":2021,"kind":"Complex","elev":1347}},{"type":"Feature","geometry":{"type":"Point","coordinates":[128.675,-7.125]},"properties":{"id":"265040","name":"Wurlali","country":"Indonesia","year":1892,"kind":"Stratovolcano","elev":868}},{"type":"Feature","geometry":{"type":"Point","coordinates":[129.144,-6.976]},"properties":{"id":"265050","name":"Teon","country":"Indonesia","year":1904,"kind":"Stratovolcano","elev":728}},{"type":"Feature","geometry":{"type":"Point","coordinates":[129.5,-6.73]},"properties":{"id":"265060","name":"Nila","country":"Indonesia","year":1968,"kind":"Stratovolcano","elev":781}},{"type":"Feature","geometry":{"type":"Point","coordinates":[130.017,-6.312]},"properties":{"id":"265070","name":"Serua","country":"Indonesia","year":1921,"kind":"Stratovolcano","elev":608}},{"type":"Feature","geometry":{"type":"Point","coordinates":[130.303,-5.543]},"properties":{"id":"265080","name":"Manuk","country":"Indonesia","year":null,"kind":"Stratovolcano","elev":257}},{"type":"Feature","geometry":{"type":"Point","coordinates":[129.881,-4.523]},"properties":{"id":"265090","name":"Banda Api","country":"Indonesia","year":1988,"kind":"Caldera","elev":596}},{"type":"Feature","geometry":{"type":"Point","coordinates":[121.601,-0.162]},"properties":{"id":"266010","name":"Colo","country":"Indonesia","year":1983,"kind":"Stratovolcano","elev":404}},{"type":"Feature","geometry":{"type":"Point","coordinates":[124.42,0.75]},"properties":{"id":"266020","name":"Ambang","country":"Indonesia","year":2005,"kind":"Complex","elev":1795}},{"type":"Feature","geometry":{"type":"Point","coordinates":[124.737,1.112]},"properties":{"id":"266030","name":"Soputan","country":"Indonesia","year":2020,"kind":"Stratovolcano","elev":1785}},{"type":"Feature","geometry":{"type":"Point","coordinates":[124.7992,1.3644]},"properties":{"id":"266100","name":"Lokon-Empung","country":"Indonesia","year":2015,"kind":"Stratovolcano(es)","elev":1580}},{"type":"Feature","geometry":{"type":"Point","coordinates":[124.865,1.352]},"properties":{"id":"266110","name":"Mahawu","country":"Indonesia","year":1977,"kind":"Stratovolcano","elev":1299}},{"type":"Feature","geometry":{"type":"Point","coordinates":[125.031,1.454]},"properties":{"id":"266120","name":"Klabat","country":"Indonesia","year":null,"kind":"Stratovolcano","elev":1968}},{"type":"Feature","geometry":{"type":"Point","coordinates":[125.185,1.518]},"properties":{"id":"266130","name":"Tangkoko-Duasudara","country":"Indonesia","year":1880,"kind":"Stratovolcano","elev":1334}},{"type":"Feature","geometry":{"type":"Point","coordinates":[125.3671,2.3058]},"properties":{"id":"267010","name":"Ruang","country":"Indonesia","year":2024,"kind":"Stratovolcano","elev":703}},{"type":"Feature","geometry":{"type":"Point","coordinates":[125.407,2.781]},"properties":{"id":"267020","name":"Karangetang","country":"Indonesia","year":2023,"kind":"Stratovolcano","elev":1797}},{"type":"Feature","geometry":{"type":"Point","coordinates":[125.4422,3.1463]},"properties":{"id":"267030","name":"Banua Wuhu","country":"Indonesia","year":1919,"kind":"Complex","elev":-5}},{"type":"Feature","geometry":{"type":"Point","coordinates":[125.447,3.689]},"properties":{"id":"267040","name":"Awu","country":"Indonesia","year":2004,"kind":"Stratovolcano","elev":1318}},{"type":"Feature","geometry":{"type":"Point","coordinates":[127.825,1.832]},"properties":{"id":"268001","name":"Tarakan","country":"Indonesia","year":null,"kind":"Pyroclastic cone(s)","elev":317}},{"type":"Feature","geometry":{"type":"Point","coordinates":[127.8783,1.6992]},"properties":{"id":"268010","name":"Dukono","country":"Indonesia","year":2026,"kind":"Complex","elev":1273}},{"type":"Feature","geometry":{"type":"Point","coordinates":[127.67,1.63]},"properties":{"id":"268020","name":"Tobaru","country":"Indonesia","year":null,"kind":"Stratovolcano","elev":1035}},{"type":"Feature","geometry":{"type":"Point","coordinates":[127.6324,1.4941]},"properties":{"id":"268030","name":"Ibu","country":"Indonesia","year":2026,"kind":"Stratovolcano","elev":1357}},{"type":"Feature","geometry":{"type":"Point","coordinates":[127.53,1.38]},"properties":{"id":"268040","name":"Gamkonora","country":"Indonesia","year":2007,"kind":"Stratovolcano","elev":1635}},{"type":"Feature","geometry":{"type":"Point","coordinates":[127.439,1.08]},"properties":{"id":"268051","name":"Jailolo","country":"Indonesia","year":null,"kind":"Stratovolcano","elev":993}},{"type":"Feature","geometry":{"type":"Point","coordinates":[127.317,0.8971]},"properties":{"id":"268052","name":"Hiri","country":"Indonesia","year":null,"kind":"Stratovolcano","elev":687}},{"type":"Feature","geometry":{"type":"Point","coordinates":[127.4556,1.2389]},"properties":{"id":"268050","name":"Todoko-Ranu","country":"Indonesia","year":null,"kind":"Caldera(s)","elev":979}},{"type":"Feature","geometry":{"type":"Point","coordinates":[127.4029,0.6623]},"properties":{"id":"268061","name":"Kie Matubu","country":"Indonesia","year":1210,"kind":"Stratovolcano","elev":1713}},{"type":"Feature","geometry":{"type":"Point","coordinates":[127.4,0.57]},"properties":{"id":"268062","name":"Mare","country":"Indonesia","year":null,"kind":"Stratovolcano","elev":308}},{"type":"Feature","geometry":{"type":"Point","coordinates":[127.411,0.454]},"properties":{"id":"268063","name":"Moti","country":"Indonesia","year":null,"kind":"Stratovolcano","elev":927}},{"type":"Feature","geometry":{"type":"Point","coordinates":[127.3322,0.81]},"properties":{"id":"268060","name":"Gamalama","country":"Indonesia","year":2018,"kind":"Stratovolcano(es)","elev":1714}},{"type":"Feature","geometry":{"type":"Point","coordinates":[127.4,0.32]},"properties":{"id":"268070","name":"Kie Besi","country":"Indonesia","year":1988,"kind":"Stratovolcano","elev":1357}},{"type":"Feature","geometry":{"type":"Point","coordinates":[124.892,6.113]},"properties":{"id":"271011","name":"Melebingoy","country":"Philippines","year":1641,"kind":"Stratovolcano","elev":1824}},{"type":"Feature","geometry":{"type":"Point","coordinates":[125.0765,6.3604]},"properties":{"id":"271020","name":"Matutum","country":"Philippines","year":1290,"kind":"Stratovolcano","elev":2262}},{"type":"Feature","geometry":{"type":"Point","coordinates":[126.047,7.382]},"properties":{"id":"271031","name":"Leonard Range","country":"Philippines","year":80,"kind":"Stratovolcano","elev":1080}},{"type":"Feature","geometry":{"type":"Point","coordinates":[124.317,7.644]},"properties":{"id":"271040","name":"Makaturing","country":"Philippines","year":1882,"kind":"Stratovolcano","elev":1818}},{"type":"Feature","geometry":{"type":"Point","coordinates":[124.507,7.691]},"properties":{"id":"271060","name":"Ragang","country":"Philippines","year":1916,"kind":"Stratovolcano","elev":2790}},{"type":"Feature","geometry":{"type":"Point","coordinates":[125.0697,7.8765]},"properties":{"id":"271070","name":"Musuan","country":"Philippines","year":null,"kind":"Lava dome","elev":610}},{"type":"Feature","geometry":{"type":"Point","coordinates":[124.673,9.203]},"properties":{"id":"271080","name":"Camiguin","country":"Philippines","year":1953,"kind":"Stratovolcano(es)","elev":1552}},{"type":"Feature","geometry":{"type":"Point","coordinates":[123.13,10.4096]},"properties":{"id":"272020","name":"Kanlaon","country":"Philippines","year":2026,"kind":"Stratovolcano","elev":2422}},{"type":"Feature","geometry":{"type":"Point","coordinates":[125.218,10.285]},"properties":{"id":"272050","name":"Cabal\u00edan","country":"Philippines","year":1820,"kind":"Stratovolcano","elev":912}},{"type":"Feature","geometry":{"type":"Point","coordinates":[124.535,11.523]},"properties":{"id":"272080","name":"Biliran","country":"Philippines","year":1939,"kind":"Compound","elev":1301}},{"type":"Feature","geometry":{"type":"Point","coordinates":[124.056,12.769]},"properties":{"id":"273010","name":"Bulusan","country":"Philippines","year":2025,"kind":"Stratovolcano(es)","elev":1535}},{"type":"Feature","geometry":{"type":"Point","coordinates":[123.685,13.257]},"properties":{"id":"273030","name":"Mayon","country":"Philippines","year":2026,"kind":"Stratovolcano","elev":2462}},{"type":"Feature","geometry":{"type":"Point","coordinates":[123.451,13.458]},"properties":{"id":"273041","name":"Iriga","country":"Philippines","year":null,"kind":"Stratovolcano","elev":1138}},{"type":"Feature","geometry":{"type":"Point","coordinates":[123.38,13.658]},"properties":{"id":"273042","name":"Isarog","country":"Philippines","year":-3500,"kind":"Stratovolcano","elev":1966}},{"type":"Feature","geometry":{"type":"Point","coordinates":[121.48,14.07]},"properties":{"id":"273050","name":"Banahaw","country":"Philippines","year":null,"kind":"Complex","elev":2158}},{"type":"Feature","geometry":{"type":"Point","coordinates":[121.3,14.12]},"properties":{"id":"273060","name":"San Pablo Volcanic Field","country":"Philippines","year":1350,"kind":"Volcanic field","elev":1090}},{"type":"Feature","geometry":{"type":"Point","coordinates":[120.9975,14.0106]},"properties":{"id":"273070","name":"Taal","country":"Philippines","year":2026,"kind":"Caldera","elev":311}},{"type":"Feature","geometry":{"type":"Point","coordinates":[120.35,15.13]},"properties":{"id":"273083","name":"Pinatubo","country":"Philippines","year":2021,"kind":"Stratovolcano","elev":1486}},{"type":"Feature","geometry":{"type":"Point","coordinates":[122.123,18.222]},"properties":{"id":"273090","name":"Cagua","country":"Philippines","year":1860,"kind":"Stratovolcano","elev":1133}},{"type":"Feature","geometry":{"type":"Point","coordinates":[121.86,18.83]},"properties":{"id":"274010","name":"Camiguin de Babuyanes","country":"Philippines","year":1857,"kind":"Stratovolcano","elev":712}},{"type":"Feature","geometry":{"type":"Point","coordinates":[122.202,19.077]},"properties":{"id":"274020","name":"Didicas","country":"Philippines","year":1978,"kind":"Compound","elev":228}},{"type":"Feature","geometry":{"type":"Point","coordinates":[121.95,19.524]},"properties":{"id":"274030","name":"Babuyan Claro","country":"Philippines","year":1924,"kind":"Stratovolcano(es)","elev":1064}},{"type":"Feature","geometry":{"type":"Point","coordinates":[122.01,20.469]},"properties":{"id":"274060","name":"Iraya","country":"Philippines","year":1454,"kind":"Stratovolcano","elev":1009}},{"type":"Feature","geometry":{"type":"Point","coordinates":[110.229,19.905]},"properties":{"id":"275001","name":"Hainan Volcanic Field","country":"China","year":1933,"kind":"Volcanic field","elev":196}},{"type":"Feature","geometry":{"type":"Point","coordinates":[109.12,15.38]},"properties":{"id":"275020","name":"Ly Son Group","country":"Vietnam","year":null,"kind":"Volcanic field","elev":157}},{"type":"Feature","geometry":{"type":"Point","coordinates":[109.014,10.158]},"properties":{"id":"275060","name":"Cendres, Ile des","country":"Vietnam","year":1923,"kind":"Volcanic field","elev":-20}},{"type":"Feature","geometry":{"type":"Point","coordinates":[95.25,20.92]},"properties":{"id":"275080","name":"Popa","country":"Burma (Myanmar)","year":-6050,"kind":"Stratovolcano","elev":1518}},{"type":"Feature","geometry":{"type":"Point","coordinates":[98.5,25.23]},"properties":{"id":"275110","name":"Tengchong","country":"China","year":-5750,"kind":"Volcanic field","elev":2865}},{"type":"Feature","geometry":{"type":"Point","coordinates":[121.953,24.841]},"properties":{"id":"281031","name":"Kueishantao","country":"Taiwan","year":1853,"kind":"Stratovolcano","elev":361}},{"type":"Feature","geometry":{"type":"Point","coordinates":[121.553,25.178]},"properties":{"id":"281032","name":"Tatun Volcanic Group","country":"Taiwan","year":648,"kind":"Lava dome(s)","elev":1120}},{"type":"Feature","geometry":{"type":"Point","coordinates":[123.93,24.57]},"properties":{"id":"282010","name":"Submarine Volcano NNE of Iriomotejima","country":"Japan","year":1924,"kind":"Stratovolcano","elev":-200}},{"type":"Feature","geometry":{"type":"Point","coordinates":[128.9958,28.7994]},"properties":{"id":"282021","name":"Yokoatejima","country":"Japan","year":1835,"kind":"Stratovolcano(es)","elev":495}},{"type":"Feature","geometry":{"type":"Point","coordinates":[129.594,29.465]},"properties":{"id":"282022","name":"Akusekijima","country":"Japan","year":null,"kind":"Stratovolcano(es)","elev":555}},{"type":"Feature","geometry":{"type":"Point","coordinates":[128.223,27.881]},"properties":{"id":"282020","name":"Io-Torishima","country":"Japan","year":1968,"kind":"Complex","elev":212}},{"type":"Feature","geometry":{"type":"Point","coordinates":[129.714,29.638]},"properties":{"id":"282030","name":"Suwanosejima","country":"Japan","year":2026,"kind":"Stratovolcano(es)","elev":796}},{"type":"Feature","geometry":{"type":"Point","coordinates":[129.926,29.968]},"properties":{"id":"282043","name":"Kuchinoshima","country":"Japan","year":1190,"kind":"Stratovolcano(es)","elev":628}},{"type":"Feature","geometry":{"type":"Point","coordinates":[129.857,29.859]},"properties":{"id":"282040","name":"Nakanoshima","country":"Japan","year":1914,"kind":"Stratovolcano(es)","elev":979}},{"type":"Feature","geometry":{"type":"Point","coordinates":[130.217,30.443]},"properties":{"id":"282050","name":"Kuchinoerabujima","country":"Japan","year":2020,"kind":"Stratovolcano(es)","elev":657}},{"type":"Feature","geometry":{"type":"Point","coordinates":[130.305,30.793]},"properties":{"id":"282060","name":"Kikai","country":"Japan","year":2025,"kind":"Caldera","elev":704}},{"type":"Feature","geometry":{"type":"Point","coordinates":[130.5283,31.18]},"properties":{"id":"282070","name":"Ata","country":"Japan","year":885,"kind":"Caldera(s)","elev":924}},{"type":"Feature","geometry":{"type":"Point","coordinates":[130.592,31.771]},"properties":{"id":"282081","name":"Yonemaru-Sumiyoshiike","country":"Japan","year":-6200,"kind":"Maar(s)","elev":40}},{"type":"Feature","geometry":{"type":"Point","coordinates":[130.6589,31.5772]},"properties":{"id":"282080","name":"Aira","country":"Japan","year":2026,"kind":"Caldera","elev":1117}},{"type":"Feature","geometry":{"type":"Point","coordinates":[128.849,32.657]},"properties":{"id":"282091","name":"Fukue","country":"Japan","year":-400,"kind":"Volcanic field","elev":315}},{"type":"Feature","geometry":{"type":"Point","coordinates":[130.862,31.934]},"properties":{"id":"282090","name":"Kirishimayama","country":"Japan","year":2025,"kind":"Shield","elev":1700}},{"type":"Feature","geometry":{"type":"Point","coordinates":[130.299,32.761]},"properties":{"id":"282100","name":"Unzendake","country":"Japan","year":1996,"kind":"Complex","elev":1483}},{"type":"Feature","geometry":{"type":"Point","coordinates":[131.085,32.8849]},"properties":{"id":"282110","name":"Asosan","country":"Japan","year":2021,"kind":"Caldera","elev":1592}},{"type":"Feature","geometry":{"type":"Point","coordinates":[131.249,33.086]},"properties":{"id":"282120","name":"Kujusan","country":"Japan","year":1996,"kind":"Stratovolcano(es)","elev":1791}},{"type":"Feature","geometry":{"type":"Point","coordinates":[131.39,33.282]},"properties":{"id":"282130","name":"Yufu-Tsurumi","country":"Japan","year":867,"kind":"Lava dome(s)","elev":null}},{"type":"Feature","geometry":{"type":"Point","coordinates":[131.5167,34.4833]},"properties":{"id":"283001","name":"Abu","country":"Japan","year":-6850,"kind":"Volcanic field","elev":641}},{"type":"Feature","geometry":{"type":"Point","coordinates":[132.622,35.141]},"properties":{"id":"283002","name":"Sanbesan","country":"Japan","year":650,"kind":"Stratovolcano","elev":1126}},{"type":"Feature","geometry":{"type":"Point","coordinates":[139.095,34.903]},"properties":{"id":"283010","name":"Izu-Tobu","country":"Japan","year":1989,"kind":"Pyroclastic cone(s)","elev":580}},{"type":"Feature","geometry":{"type":"Point","coordinates":[139.021,35.233]},"properties":{"id":"283020","name":"Hakoneyama","country":"Japan","year":2015,"kind":"Complex","elev":1438}},{"type":"Feature","geometry":{"type":"Point","coordinates":[138.32,36.0875]},"properties":{"id":"283031","name":"Yokodake","country":"Japan","year":1200,"kind":"Stratovolcano(es)","elev":2480}},{"type":"Feature","geometry":{"type":"Point","coordinates":[138.728,35.361]},"properties":{"id":"283030","name":"Fujisan","country":"Japan","year":1708,"kind":"Stratovolcano","elev":3776}},{"type":"Feature","geometry":{"type":"Point","coordinates":[137.4806,35.8931]},"properties":{"id":"283040","name":"Ontakesan","country":"Japan","year":2014,"kind":"Complex","elev":3067}},{"type":"Feature","geometry":{"type":"Point","coordinates":[136.771,36.155]},"properties":{"id":"283050","name":"Hakusan","country":"Japan","year":1659,"kind":"Stratovolcano","elev":2702}},{"type":"Feature","geometry":{"type":"Point","coordinates":[137.554,36.106]},"properties":{"id":"283060","name":"Norikuradake","country":"Japan","year":-50,"kind":"Stratovolcano(es)","elev":3026}},{"type":"Feature","geometry":{"type":"Point","coordinates":[137.587,36.227]},"properties":{"id":"283070","name":"Yakedake","country":"Japan","year":1995,"kind":"Stratovolcano(es)","elev":2455}},{"type":"Feature","geometry":{"type":"Point","coordinates":[137.59,36.571]},"properties":{"id":"283080","name":"Midagahara","country":"Japan","year":1839,"kind":"Stratovolcano","elev":2621}},{"type":"Feature","geometry":{"type":"Point","coordinates":[138.036,36.921]},"properties":{"id":"283090","name":"Niigata-Yakeyama","country":"Japan","year":1998,"kind":"Lava dome","elev":2400}},{"type":"Feature","geometry":{"type":"Point","coordinates":[138.114,36.891]},"properties":{"id":"283100","name":"Myokosan","country":"Japan","year":-750,"kind":"Stratovolcano","elev":2454}},{"type":"Feature","geometry":{"type":"Point","coordinates":[138.523,36.406]},"properties":{"id":"283110","name":"Asamayama","country":"Japan","year":2019,"kind":"Complex","elev":2568}},{"type":"Feature","geometry":{"type":"Point","coordinates":[138.519,36.688]},"properties":{"id":"283121","name":"Shiga","country":"Japan","year":null,"kind":"Shield(s)","elev":2041}},{"type":"Feature","geometry":{"type":"Point","coordinates":[138.8508,36.4775]},"properties":{"id":"283122","name":"Harunasan","country":"Japan","year":550,"kind":"Stratovolcano","elev":1449}},{"type":"Feature","geometry":{"type":"Point","coordinates":[138.528,36.618]},"properties":{"id":"283120","name":"Kusatsu-Shiranesan","country":"Japan","year":2018,"kind":"Stratovolcano(es)","elev":2165}},{"type":"Feature","geometry":{"type":"Point","coordinates":[139.285,36.955]},"properties":{"id":"283131","name":"Hiuchigatake","country":"Japan","year":1544,"kind":"Stratovolcano","elev":2356}},{"type":"Feature","geometry":{"type":"Point","coordinates":[139.193,36.56]},"properties":{"id":"283130","name":"Akagisan","country":"Japan","year":null,"kind":"Stratovolcano","elev":1828}},{"type":"Feature","geometry":{"type":"Point","coordinates":[139.4906,36.765]},"properties":{"id":"283141","name":"Nantaisan","country":"Japan","year":-9540,"kind":"Stratovolcano","elev":2486}},{"type":"Feature","geometry":{"type":"Point","coordinates":[139.4756,36.8067]},"properties":{"id":"283142","name":"Omanago Group","country":"Japan","year":-3050,"kind":"Lava dome(s)","elev":2341}},{"type":"Feature","geometry":{"type":"Point","coordinates":[139.777,36.9]},"properties":{"id":"283143","name":"Takaharayama","country":"Japan","year":-4570,"kind":"Stratovolcano","elev":1795}},{"type":"Feature","geometry":{"type":"Point","coordinates":[139.376,36.799]},"properties":{"id":"283140","name":"Nikko-Shiranesan","country":"Japan","year":1952,"kind":"Shield","elev":2578}},{"type":"Feature","geometry":{"type":"Point","coordinates":[139.566,37.444]},"properties":{"id":"283151","name":"Numazawa","country":"Japan","year":-3400,"kind":"Shield","elev":835}},{"type":"Feature","geometry":{"type":"Point","coordinates":[139.9631,37.1247]},"properties":{"id":"283150","name":"Nasudake","country":"Japan","year":1963,"kind":"Stratovolcano(es)","elev":1915}},{"type":"Feature","geometry":{"type":"Point","coordinates":[140.072,37.601]},"properties":{"id":"283160","name":"Bandaisan","country":"Japan","year":1888,"kind":"Stratovolcano","elev":1816}},{"type":"Feature","geometry":{"type":"Point","coordinates":[140.281,37.647]},"properties":{"id":"283170","name":"Adatarayama","country":"Japan","year":1996,"kind":"Stratovolcano(es)","elev":1728}},{"type":"Feature","geometry":{"type":"Point","coordinates":[140.244,37.735]},"properties":{"id":"283180","name":"Azumayama","country":"Japan","year":1977,"kind":"Stratovolcano(es)","elev":1949}},{"type":"Feature","geometry":{"type":"Point","coordinates":[140.1617,38.5992]},"properties":{"id":"283191","name":"Hijiori","country":"Japan","year":null,"kind":"Caldera","elev":552}},{"type":"Feature","geometry":{"type":"Point","coordinates":[140.4397,38.1439]},"properties":{"id":"283190","name":"Zaozan [Zaosan]","country":"Japan","year":1940,"kind":"Complex","elev":1841}},{"type":"Feature","geometry":{"type":"Point","coordinates":[140.734,38.729]},"properties":{"id":"283200","name":"Naruko","country":"Japan","year":837,"kind":"Caldera","elev":470}},{"type":"Feature","geometry":{"type":"Point","coordinates":[140.788,38.961]},"properties":{"id":"283210","name":"Kurikomayama","country":"Japan","year":1950,"kind":"Stratovolcano","elev":null}},{"type":"Feature","geometry":{"type":"Point","coordinates":[140.0489,39.0994]},"properties":{"id":"283220","name":"Chokaisan","country":"Japan","year":1974,"kind":"Stratovolcano(es)","elev":2236}},{"type":"Feature","geometry":{"type":"Point","coordinates":[140.799,39.761]},"properties":{"id":"283230","name":"Akita-Komagatake","country":"Japan","year":1971,"kind":"Stratovolcano(es)","elev":1637}},{"type":"Feature","geometry":{"type":"Point","coordinates":[141.001,39.853]},"properties":{"id":"283240","name":"Iwatesan","country":"Japan","year":1919,"kind":"Complex","elev":2038}},{"type":"Feature","geometry":{"type":"Point","coordinates":[140.854,39.958]},"properties":{"id":"283250","name":"Hachimantai","country":"Japan","year":-5350,"kind":"Stratovolcano","elev":1613}},{"type":"Feature","geometry":{"type":"Point","coordinates":[139.725,39.95]},"properties":{"id":"283262","name":"Megata","country":"Japan","year":-2050,"kind":"Maar(s)","elev":160}},{"type":"Feature","geometry":{"type":"Point","coordinates":[140.757,39.964]},"properties":{"id":"283260","name":"Akita-Yakeyama","country":"Japan","year":1997,"kind":"Stratovolcano","elev":1366}},{"type":"Feature","geometry":{"type":"Point","coordinates":[140.88,40.51]},"properties":{"id":"283271","name":"Towada","country":"Japan","year":915,"kind":"Caldera","elev":1011}},{"type":"Feature","geometry":{"type":"Point","coordinates":[140.303,40.656]},"properties":{"id":"283270","name":"Iwakisan","country":"Japan","year":1863,"kind":"Stratovolcano","elev":1624}},{"type":"Feature","geometry":{"type":"Point","coordinates":[140.877,40.659]},"properties":{"id":"283280","name":"Hakkodasan","country":"Japan","year":1550,"kind":"Stratovolcano(es)","elev":1584}},{"type":"Feature","geometry":{"type":"Point","coordinates":[141.12,41.279]},"properties":{"id":"283290","name":"Osorezan","country":"Japan","year":1787,"kind":"Stratovolcano","elev":878}},{"type":"Feature","geometry":{"type":"Point","coordinates":[139.279,34.52]},"properties":{"id":"284011","name":"Toshima","country":"Japan","year":-4550,"kind":"Stratovolcano","elev":508}},{"type":"Feature","geometry":{"type":"Point","coordinates":[139.394,34.724]},"properties":{"id":"284010","name":"Izu-Oshima","country":"Japan","year":1990,"kind":"Stratovolcano","elev":758}},{"type":"Feature","geometry":{"type":"Point","coordinates":[139.27,34.397]},"properties":{"id":"284020","name":"Niijima","country":"Japan","year":886,"kind":"Lava dome(s)","elev":432}},{"type":"Feature","geometry":{"type":"Point","coordinates":[139.153,34.219]},"properties":{"id":"284030","name":"Kozushima","country":"Japan","year":838,"kind":"Lava dome(s)","elev":572}},{"type":"Feature","geometry":{"type":"Point","coordinates":[139.602,33.874]},"properties":{"id":"284041","name":"Mikurajima","country":"Japan","year":-4100,"kind":"Stratovolcano","elev":851}},{"type":"Feature","geometry":{"type":"Point","coordinates":[139.68,33.4]},"properties":{"id":"284042","name":"Kurose Hole","country":"Japan","year":null,"kind":"Caldera","elev":-114}},{"type":"Feature","geometry":{"type":"Point","coordinates":[139.526,34.094]},"properties":{"id":"284040","name":"Miyakejima","country":"Japan","year":2010,"kind":"Stratovolcano","elev":775}},{"type":"Feature","geometry":{"type":"Point","coordinates":[139.766,33.137]},"properties":{"id":"284050","name":"Hachijojima","country":"Japan","year":1606,"kind":"Stratovolcano(es)","elev":854}},{"type":"Feature","geometry":{"type":"Point","coordinates":[139.85,32.1]},"properties":{"id":"284061","name":"Kita-Bayonnaise","country":"Japan","year":null,"kind":"Caldera","elev":-360}},{"type":"Feature","geometry":{"type":"Point","coordinates":[139.759,32.458]},"properties":{"id":"284060","name":"Aogashima","country":"Japan","year":1785,"kind":"Stratovolcano","elev":423}},{"type":"Feature","geometry":{"type":"Point","coordinates":[139.918,31.888]},"properties":{"id":"284070","name":"Myojinsho","country":"Japan","year":1970,"kind":"Caldera","elev":11}},{"type":"Feature","geometry":{"type":"Point","coordinates":[140.051,31.44]},"properties":{"id":"284080","name":"Sumisujima","country":"Japan","year":1916,"kind":"Caldera","elev":136}},{"type":"Feature","geometry":{"type":"Point","coordinates":[140.342,29.794]},"properties":{"id":"284091","name":"Sofugan","country":"Japan","year":null,"kind":"Stratovolcano","elev":99}},{"type":"Feature","geometry":{"type":"Point","coordinates":[140.633,28.575]},"properties":{"id":"284093","name":"Suiyo Seamount","country":"Japan","year":null,"kind":"Stratovolcano","elev":-991}},{"type":"Feature","geometry":{"type":"Point","coordinates":[140.572,28.327]},"properties":{"id":"284094","name":"Mokuyo Seamount","country":"Japan","year":null,"kind":"Stratovolcano","elev":-933}},{"type":"Feature","geometry":{"type":"Point","coordinates":[140.8,27.68]},"properties":{"id":"284095","name":"Doyo Seamount","country":"Japan","year":null,"kind":"Stratovolcano","elev":-590}},{"type":"Feature","geometry":{"type":"Point","coordinates":[140.8797,27.2439]},"properties":{"id":"284096","name":"Nishinoshima","country":"Japan","year":2023,"kind":"Caldera","elev":160}},{"type":"Feature","geometry":{"type":"Point","coordinates":[140.929,26.667]},"properties":{"id":"284097","name":"Kaikata Seamount","country":"Japan","year":null,"kind":"Stratovolcano","elev":-165}},{"type":"Feature","geometry":{"type":"Point","coordinates":[140.303,30.484]},"properties":{"id":"284090","name":"Izu-Torishima","country":"Japan","year":2002,"kind":"Stratovolcano","elev":394}},{"type":"Feature","geometry":{"type":"Point","coordinates":[141.1017,26.1267]},"properties":{"id":"284100","name":"Kaitoku Seamount","country":"Japan","year":2023,"kind":"Stratovolcano","elev":-95}},{"type":"Feature","geometry":{"type":"Point","coordinates":[141.2386,25.455]},"properties":{"id":"284110","name":"Funka Asane","country":"Japan","year":2022,"kind":"Stratovolcano","elev":-20}},{"type":"Feature","geometry":{"type":"Point","coordinates":[141.417,24.417]},"properties":{"id":"284121","name":"Kita-Fukutokutai","country":"Japan","year":1954,"kind":"Stratovolcano","elev":-73}},{"type":"Feature","geometry":{"type":"Point","coordinates":[141.2892,24.7503]},"properties":{"id":"284120","name":"Ioto","country":"Japan","year":2025,"kind":"Caldera","elev":172}},{"type":"Feature","geometry":{"type":"Point","coordinates":[141.935,23.5]},"properties":{"id":"284131","name":"Minami-Hiyoshi","country":"Japan","year":1975,"kind":"Stratovolcano","elev":-107}},{"type":"Feature","geometry":{"type":"Point","coordinates":[142.326,23.078]},"properties":{"id":"284132","name":"Nikko","country":"Japan","year":null,"kind":"Stratovolcano","elev":-392}},{"type":"Feature","geometry":{"type":"Point","coordinates":[143.47,21.93]},"properties":{"id":"284133","name":"Fukujin","country":"United States","year":1974,"kind":"Stratovolcano","elev":-217}},{"type":"Feature","geometry":{"type":"Point","coordinates":[143.71,21.765]},"properties":{"id":"284134","name":"Kasuga 1","country":"United States","year":1959,"kind":"Stratovolcano","elev":-598}},{"type":"Feature","geometry":{"type":"Point","coordinates":[143.637,21.6]},"properties":{"id":"284135","name":"Kasuga 2","country":"United States","year":null,"kind":"Stratovolcano","elev":-274}},{"type":"Feature","geometry":{"type":"Point","coordinates":[144.043,21.485]},"properties":{"id":"284136","name":"NW Eifuku","country":"United States","year":null,"kind":"Stratovolcano","elev":-1535}},{"type":"Feature","geometry":{"type":"Point","coordinates":[144.194,21.324]},"properties":{"id":"284137","name":"Daikoku","country":"United States","year":null,"kind":"Stratovolcano","elev":-323}},{"type":"Feature","geometry":{"type":"Point","coordinates":[141.481,24.285]},"properties":{"id":"284130","name":"Fukutoku-Oka-no-Ba","country":"Japan","year":2021,"kind":"Pyroclastic cone","elev":-29}},{"type":"Feature","geometry":{"type":"Point","coordinates":[145.03,20.437]},"properties":{"id":"284141","name":"Ahyi","country":"United States","year":2026,"kind":"Stratovolcano","elev":-55}},{"type":"Feature","geometry":{"type":"Point","coordinates":[145.1,20.13]},"properties":{"id":"284142","name":"Supply Reef","country":"United States","year":null,"kind":"Stratovolcano","elev":-8}},{"type":"Feature","geometry":{"type":"Point","coordinates":[145.22,20.02]},"properties":{"id":"284143","name":"Maug Islands","country":"United States","year":null,"kind":"Stratovolcano","elev":227}},{"type":"Feature","geometry":{"type":"Point","coordinates":[144.893,20.546]},"properties":{"id":"284140","name":"Farallon de Pajaros","country":"United States","year":1953,"kind":"Stratovolcano","elev":337}},{"type":"Feature","geometry":{"type":"Point","coordinates":[145.406,19.671]},"properties":{"id":"284150","name":"Asuncion","country":"United States","year":1906,"kind":"Stratovolcano","elev":857}},{"type":"Feature","geometry":{"type":"Point","coordinates":[145.67,18.77]},"properties":{"id":"284160","name":"Agrigan","country":"United States","year":1917,"kind":"Stratovolcano","elev":965}},{"type":"Feature","geometry":{"type":"Point","coordinates":[145.8,18.13]},"properties":{"id":"284170","name":"Pagan","country":"United States","year":2021,"kind":"Stratovolcano(es)","elev":570}},{"type":"Feature","geometry":{"type":"Point","coordinates":[145.83,17.6]},"properties":{"id":"284180","name":"Alamagan","country":"United States","year":870,"kind":"Stratovolcano","elev":744}},{"type":"Feature","geometry":{"type":"Point","coordinates":[145.85,16.88]},"properties":{"id":"284191","name":"Zealandia Bank","country":"United States","year":null,"kind":"Stratovolcano","elev":0}},{"type":"Feature","geometry":{"type":"Point","coordinates":[145.7803,16.6991]},"properties":{"id":"284192","name":"Sarigan","country":"United States","year":null,"kind":"Stratovolcano","elev":494}},{"type":"Feature","geometry":{"type":"Point","coordinates":[145.84,17.3137]},"properties":{"id":"284190","name":"Guguan","country":"United States","year":1883,"kind":"Stratovolcano","elev":232}},{"type":"Feature","geometry":{"type":"Point","coordinates":[145.67,15.93]},"properties":{"id":"284201","name":"East Diamante","country":"United States","year":null,"kind":"Stratovolcano","elev":-127}},{"type":"Feature","geometry":{"type":"Point","coordinates":[145.572,15.605]},"properties":{"id":"284202","name":"Ruby","country":"United States","year":2023,"kind":"Stratovolcano","elev":-174}},{"type":"Feature","geometry":{"type":"Point","coordinates":[145.67,16.35]},"properties":{"id":"284200","name":"Anatahan","country":"United States","year":2008,"kind":"Stratovolcano","elev":790}},{"type":"Feature","geometry":{"type":"Point","coordinates":[144.775,14.601]},"properties":{"id":"284211","name":"NW Rota-1","country":"United States","year":2010,"kind":"Stratovolcano","elev":-455}},{"type":"Feature","geometry":{"type":"Point","coordinates":[145.249,14.958]},"properties":{"id":"284210","name":"Esmeralda Bank","country":"United States","year":null,"kind":"Stratovolcano","elev":-74}},{"type":"Feature","geometry":{"type":"Point","coordinates":[143.92,13.4]},"properties":{"id":"284220","name":"Forecast Seamount","country":"United States","year":null,"kind":"Stratovolcano","elev":-1456}},{"type":"Feature","geometry":{"type":"Point","coordinates":[144.02,13.25]},"properties":{"id":"284230","name":"Seamount X","country":"United States","year":null,"kind":"Stratovolcano","elev":-1230}},{"type":"Feature","geometry":{"type":"Point","coordinates":[141.166,41.805]},"properties":{"id":"285011","name":"Esan","country":"Japan","year":1874,"kind":"Lava dome(s)","elev":617}},{"type":"Feature","geometry":{"type":"Point","coordinates":[139.367,41.51]},"properties":{"id":"285010","name":"Oshima-Oshima","country":"Japan","year":1790,"kind":"Stratovolcano","elev":732}},{"type":"Feature","geometry":{"type":"Point","coordinates":[140.677,42.063]},"properties":{"id":"285020","name":"Hokkaido-Komagatake","country":"Japan","year":2000,"kind":"Stratovolcano","elev":1131}},{"type":"Feature","geometry":{"type":"Point","coordinates":[140.659,42.875]},"properties":{"id":"285031","name":"Niseko","country":"Japan","year":-4900,"kind":"Stratovolcano(es)","elev":1308}},{"type":"Feature","geometry":{"type":"Point","coordinates":[140.8114,42.8267]},"properties":{"id":"285032","name":"Yoteizan","country":"Japan","year":-1050,"kind":"Stratovolcano","elev":1898}},{"type":"Feature","geometry":{"type":"Point","coordinates":[141.16,42.491]},"properties":{"id":"285034","name":"Kuttara","country":"Japan","year":1820,"kind":"Stratovolcano(es)","elev":549}},{"type":"Feature","geometry":{"type":"Point","coordinates":[140.839,42.544]},"properties":{"id":"285030","name":"Toya","country":"Japan","year":2001,"kind":"Stratovolcano","elev":733}},{"type":"Feature","geometry":{"type":"Point","coordinates":[141.242,45.179]},"properties":{"id":"285041","name":"Rishirizan","country":"Japan","year":-5830,"kind":"Stratovolcano","elev":1721}},{"type":"Feature","geometry":{"type":"Point","coordinates":[141.38,42.688]},"properties":{"id":"285040","name":"Shikotsu","country":"Japan","year":1981,"kind":"Caldera","elev":1320}},{"type":"Feature","geometry":{"type":"Point","coordinates":[142.686,43.418]},"properties":{"id":"285050","name":"Tokachidake","country":"Japan","year":2004,"kind":"Stratovolcano(es)","elev":2077}},{"type":"Feature","geometry":{"type":"Point","coordinates":[143.031,43.418]},"properties":{"id":"285061","name":"Maruyama","country":"Japan","year":1898,"kind":"Stratovolcano(es)","elev":1692}},{"type":"Feature","geometry":{"type":"Point","coordinates":[142.854,43.664]},"properties":{"id":"285060","name":"Taisetsuzan","country":"Japan","year":1739,"kind":"Stratovolcano(es)","elev":2291}},{"type":"Feature","geometry":{"type":"Point","coordinates":[144.0086,43.3864]},"properties":{"id":"285070","name":"Akan","country":"Japan","year":2026,"kind":"Caldera","elev":1499}},{"type":"Feature","geometry":{"type":"Point","coordinates":[144.561,43.572]},"properties":{"id":"285081","name":"Mashu","country":"Japan","year":1080,"kind":"Caldera","elev":857}},{"type":"Feature","geometry":{"type":"Point","coordinates":[145.122,44.076]},"properties":{"id":"285082","name":"Rausudake","country":"Japan","year":1800,"kind":"Stratovolcano","elev":1660}},{"type":"Feature","geometry":{"type":"Point","coordinates":[144.427,43.615]},"properties":{"id":"285080","name":"Kussharo","country":"Japan","year":1320,"kind":"Caldera","elev":574}},{"type":"Feature","geometry":{"type":"Point","coordinates":[145.161,44.133]},"properties":{"id":"285090","name":"Shiretoko-Iozan","country":"Japan","year":1936,"kind":"Stratovolcano","elev":1562}},{"type":"Feature","geometry":{"type":"Point","coordinates":[145.504,43.844]},"properties":{"id":"290010","name":"Tomariyama [Golovnin]","country":"Japan - administered by Russia","year":1848,"kind":"Caldera","elev":535}},{"type":"Feature","geometry":{"type":"Point","coordinates":[146.14,44.4536]},"properties":{"id":"290021","name":"Ruruidake [Smirnov]","country":"Japan - administered by Russia","year":null,"kind":"Stratovolcano","elev":1481}},{"type":"Feature","geometry":{"type":"Point","coordinates":[145.733,43.979]},"properties":{"id":"290020","name":"Raususan [Mendeleev]","country":"Japan - administered by Russia","year":1880,"kind":"Stratovolcano","elev":882}},{"type":"Feature","geometry":{"type":"Point","coordinates":[146.2531,44.3536]},"properties":{"id":"290030","name":"Chachadake [Tiatia]","country":"Japan - administered by Russia","year":1981,"kind":"Stratovolcano","elev":1772}},{"type":"Feature","geometry":{"type":"Point","coordinates":[146.932,44.462]},"properties":{"id":"290040","name":"Berutarubesan [Berutarube]","country":"Japan - administered by Russia","year":null,"kind":"Stratovolcano","elev":1221}},{"type":"Feature","geometry":{"type":"Point","coordinates":[147.1306,44.8078]},"properties":{"id":"290050","name":"Etorofu-Atosanupuri [Atosanupuri]","country":"Japan - administered by Russia","year":1932,"kind":"Stratovolcano","elev":1209}},{"type":"Feature","geometry":{"type":"Point","coordinates":[147.403,44.857]},"properties":{"id":"290060","name":"Hitokappu Volcano Group [Bogatyr Ridge]","country":"Japan - administered by Russia","year":null,"kind":"Stratovolcano","elev":1610}},{"type":"Feature","geometry":{"type":"Point","coordinates":[147.8722,45.0114]},"properties":{"id":"290070","name":"Etorofu-Yakeyama [Grozny Group]","country":"Japan - administered by Russia","year":2013,"kind":"Complex","elev":1147}},{"type":"Feature","geometry":{"type":"Point","coordinates":[148.0142,45.1036]},"properties":{"id":"290080","name":"Sashiusudake [Baransky]","country":"Japan - administered by Russia","year":1951,"kind":"Stratovolcano","elev":1128}},{"type":"Feature","geometry":{"type":"Point","coordinates":[148.838,45.389]},"properties":{"id":"290100","name":"Moyorodake [Medvezhia]","country":"Japan - administered by Russia","year":1999,"kind":"Stratovolcano","elev":1124}},{"type":"Feature","geometry":{"type":"Point","coordinates":[149.6762,45.7593]},"properties":{"id":"290111","name":"Ivao Group","country":"Russia","year":null,"kind":"Pyroclastic cone(s)","elev":1426}},{"type":"Feature","geometry":{"type":"Point","coordinates":[150.083,46.042]},"properties":{"id":"290120","name":"Kolokol Group","country":"Russia","year":1973,"kind":"Stratovolcano","elev":1328}},{"type":"Feature","geometry":{"type":"Point","coordinates":[150.8526,46.2944]},"properties":{"id":"290130","name":"Kuril Arc at 46.3\u00b0N","country":"Russia","year":null,"kind":"","elev":-100}},{"type":"Feature","geometry":{"type":"Point","coordinates":[150.871,46.532]},"properties":{"id":"290150","name":"Chirpoi","country":"Russia","year":2016,"kind":"Caldera","elev":742}},{"type":"Feature","geometry":{"type":"Point","coordinates":[151.786,46.815]},"properties":{"id":"290161","name":"Milna","country":"Russia","year":1914,"kind":"Stratovolcano","elev":1504}},{"type":"Feature","geometry":{"type":"Point","coordinates":[151.9518,46.9178]},"properties":{"id":"290180","name":"Zavaritzki Caldera","country":"Russia","year":1957,"kind":"Caldera","elev":612}},{"type":"Feature","geometry":{"type":"Point","coordinates":[152.25,47.12]},"properties":{"id":"290191","name":"Uratman","country":"Russia","year":null,"kind":"Stratovolcano","elev":678}},{"type":"Feature","geometry":{"type":"Point","coordinates":[152.1167,47.0139]},"properties":{"id":"290190","name":"Prevo Peak","country":"Russia","year":1825,"kind":"Stratovolcano","elev":1360}},{"type":"Feature","geometry":{"type":"Point","coordinates":[152.475,47.35]},"properties":{"id":"290200","name":"Ketoi","country":"Russia","year":1960,"kind":"Stratovolcano","elev":1172}},{"type":"Feature","geometry":{"type":"Point","coordinates":[152.893,47.5861]},"properties":{"id":"290211","name":"Srednii","country":"Russia","year":null,"kind":"Stratovolcano","elev":36}},{"type":"Feature","geometry":{"type":"Point","coordinates":[152.8139,47.5125]},"properties":{"id":"290210","name":"Ushishur","country":"Russia","year":1884,"kind":"Caldera","elev":357}},{"type":"Feature","geometry":{"type":"Point","coordinates":[153.02,47.77]},"properties":{"id":"290220","name":"Rasshua","country":"Russia","year":1957,"kind":"Stratovolcano","elev":956}},{"type":"Feature","geometry":{"type":"Point","coordinates":[153.2,48.092]},"properties":{"id":"290240","name":"Sarychev Peak","country":"Russia","year":2021,"kind":"Stratovolcano","elev":1496}},{"type":"Feature","geometry":{"type":"Point","coordinates":[153.25,48.292]},"properties":{"id":"290250","name":"Raikoke","country":"Russia","year":2019,"kind":"Stratovolcano","elev":551}},{"type":"Feature","geometry":{"type":"Point","coordinates":[153.48,48.98]},"properties":{"id":"290260","name":"Chirinkotan","country":"Russia","year":2022,"kind":"Stratovolcano","elev":724}},{"type":"Feature","geometry":{"type":"Point","coordinates":[153.93,48.958]},"properties":{"id":"290270","name":"Ekarma","country":"Russia","year":2010,"kind":"Stratovolcano","elev":1170}},{"type":"Feature","geometry":{"type":"Point","coordinates":[154.182,48.873]},"properties":{"id":"290290","name":"Sinarka","country":"Russia","year":1878,"kind":"Stratovolcano","elev":911}},{"type":"Feature","geometry":{"type":"Point","coordinates":[154.508,49.12]},"properties":{"id":"290300","name":"Kharimkotan","country":"Russia","year":1933,"kind":"Stratovolcano","elev":1145}},{"type":"Feature","geometry":{"type":"Point","coordinates":[154.725,49.34]},"properties":{"id":"290310","name":"Tao-Rusyr Caldera","country":"Russia","year":1952,"kind":"Stratovolcano","elev":1272}},{"type":"Feature","geometry":{"type":"Point","coordinates":[154.8126,49.5641]},"properties":{"id":"290320","name":"Nemo Peak","country":"Russia","year":1938,"kind":"Caldera","elev":994}},{"type":"Feature","geometry":{"type":"Point","coordinates":[154.9781,50.1973]},"properties":{"id":"290331","name":"Shirinki","country":"Russia","year":null,"kind":"Stratovolcano","elev":693}},{"type":"Feature","geometry":{"type":"Point","coordinates":[155.246,50.267]},"properties":{"id":"290340","name":"Fuss Peak","country":"Russia","year":1854,"kind":"Stratovolcano","elev":1742}},{"type":"Feature","geometry":{"type":"Point","coordinates":[155.3847,50.1419]},"properties":{"id":"290350","name":"Karpinsky Group","country":"Russia","year":null,"kind":"Complex","elev":1326}},{"type":"Feature","geometry":{"type":"Point","coordinates":[155.461,50.324]},"properties":{"id":"290360","name":"Chikurachki","country":"Russia","year":2023,"kind":"Stratovolcano(es)","elev":1781}},{"type":"Feature","geometry":{"type":"Point","coordinates":[155.9867,50.5819]},"properties":{"id":"290370","name":"Vernadsky Ridge","country":"Russia","year":null,"kind":"Pyroclastic cone(s)","elev":1183}},{"type":"Feature","geometry":{"type":"Point","coordinates":[156.014,50.686]},"properties":{"id":"290380","name":"Ebeko","country":"Russia","year":2024,"kind":"Stratovolcano","elev":1103}},{"type":"Feature","geometry":{"type":"Point","coordinates":[155.565,50.861]},"properties":{"id":"290390","name":"Alaid","country":"Russia","year":2022,"kind":"Stratovolcano","elev":2285}},{"type":"Feature","geometry":{"type":"Point","coordinates":[156.875,51.306]},"properties":{"id":"300010","name":"Kambalny","country":"Russia","year":2017,"kind":"Stratovolcano","elev":2116}},{"type":"Feature","geometry":{"type":"Point","coordinates":[156.629,51.533]},"properties":{"id":"300021","name":"Yavinsky","country":"Russia","year":-4050,"kind":"Stratovolcano","elev":646}},{"type":"Feature","geometry":{"type":"Point","coordinates":[156.978,51.452]},"properties":{"id":"300022","name":"Diky Greben","country":"Russia","year":350,"kind":"Lava dome(s)","elev":1040}},{"type":"Feature","geometry":{"type":"Point","coordinates":[157.12,51.45]},"properties":{"id":"300023","name":"Kurile Lake","country":"Russia","year":-6440,"kind":"Caldera","elev":81}},{"type":"Feature","geometry":{"type":"Point","coordinates":[156.753,51.356]},"properties":{"id":"300020","name":"Koshelev","country":"Russia","year":1690,"kind":"Stratovolcano","elev":1822}},{"type":"Feature","geometry":{"type":"Point","coordinates":[157.203,51.498]},"properties":{"id":"300030","name":"Iliinsky","country":"Russia","year":1901,"kind":"Stratovolcano","elev":1555}},{"type":"Feature","geometry":{"type":"Point","coordinates":[157.328,51.577]},"properties":{"id":"300040","name":"Zheltovsky","country":"Russia","year":1923,"kind":"Stratovolcano","elev":1926}},{"type":"Feature","geometry":{"type":"Point","coordinates":[157.53,52.02]},"properties":{"id":"300052","name":"Olkoviy-Ozernoy Volcanic Field","country":"Russia","year":null,"kind":"Volcanic field","elev":681}},{"type":"Feature","geometry":{"type":"Point","coordinates":[157.711,52.062]},"properties":{"id":"300053","name":"Khodutka","country":"Russia","year":-300,"kind":"Stratovolcano(es)","elev":2039}},{"type":"Feature","geometry":{"type":"Point","coordinates":[157.827,52.355]},"properties":{"id":"300058","name":"Asacha","country":"Russia","year":null,"kind":"Complex","elev":1910}},{"type":"Feature","geometry":{"type":"Point","coordinates":[157.9332,52.435]},"properties":{"id":"300059","name":"Visokiy","country":"Russia","year":null,"kind":"Stratovolcano","elev":1227}},{"type":"Feature","geometry":{"type":"Point","coordinates":[157.5292,51.8042]},"properties":{"id":"300050","name":"Ksudach","country":"Russia","year":1907,"kind":"Stratovolcano","elev":1007}},{"type":"Feature","geometry":{"type":"Point","coordinates":[158.196,52.449]},"properties":{"id":"300060","name":"Mutnovsky","country":"Russia","year":2000,"kind":"Complex","elev":2288}},{"type":"Feature","geometry":{"type":"Point","coordinates":[158.0358,52.5549]},"properties":{"id":"300070","name":"Gorely","country":"Russia","year":2010,"kind":"Caldera","elev":1799}},{"type":"Feature","geometry":{"type":"Point","coordinates":[157.58,52.63]},"properties":{"id":"300082","name":"Tolmachev Dol","country":"Russia","year":300,"kind":"Pyroclastic cone(s)","elev":1021}},{"type":"Feature","geometry":{"type":"Point","coordinates":[158.28,52.7]},"properties":{"id":"300083","name":"Vilyuchinsky","country":"Russia","year":-8050,"kind":"Stratovolcano","elev":2173}},{"type":"Feature","geometry":{"type":"Point","coordinates":[158.24,52.802]},"properties":{"id":"300084","name":"Barkhatnaya Sopka","country":"Russia","year":-3550,"kind":"Volcanic field","elev":874}},{"type":"Feature","geometry":{"type":"Point","coordinates":[157.339,52.543]},"properties":{"id":"300080","name":"Opala","country":"Russia","year":1776,"kind":"Caldera","elev":2439}},{"type":"Feature","geometry":{"type":"Point","coordinates":[158.712,53.321]},"properties":{"id":"300090","name":"Koryaksky","country":"Russia","year":2009,"kind":"Stratovolcano","elev":3430}},{"type":"Feature","geometry":{"type":"Point","coordinates":[158.836,53.256]},"properties":{"id":"300100","name":"Avachinsky","country":"Russia","year":2001,"kind":"Stratovolcano","elev":2717}},{"type":"Feature","geometry":{"type":"Point","coordinates":[158.922,53.637]},"properties":{"id":"300110","name":"Dzenzursky","country":"Russia","year":null,"kind":"Compound","elev":2285}},{"type":"Feature","geometry":{"type":"Point","coordinates":[158.4478,53.7525]},"properties":{"id":"300121","name":"Veer","country":"Russia","year":390,"kind":"Pyroclastic cone(s)","elev":520}},{"type":"Feature","geometry":{"type":"Point","coordinates":[158.052,53.833]},"properties":{"id":"300122","name":"Kostakan","country":"Russia","year":1350,"kind":"Pyroclastic cone(s)","elev":1150}},{"type":"Feature","geometry":{"type":"Point","coordinates":[158.07,53.905]},"properties":{"id":"300123","name":"Bakening","country":"Russia","year":-550,"kind":"Stratovolcano","elev":2278}},{"type":"Feature","geometry":{"type":"Point","coordinates":[158.3851,53.9065]},"properties":{"id":"300124","name":"Zavaritsky","country":"Russia","year":-800,"kind":"Pyroclastic cone(s)","elev":1547}},{"type":"Feature","geometry":{"type":"Point","coordinates":[159.45,53.98]},"properties":{"id":"300125","name":"Akademia Nauk","country":"Russia","year":1996,"kind":"Stratovolcano(es)","elev":1180}},{"type":"Feature","geometry":{"type":"Point","coordinates":[159.15,53.589]},"properties":{"id":"300120","name":"Zhupanovsky","country":"Russia","year":2016,"kind":"Compound","elev":2899}},{"type":"Feature","geometry":{"type":"Point","coordinates":[159.443,54.049]},"properties":{"id":"300130","name":"Karymsky","country":"Russia","year":2025,"kind":"Stratovolcano","elev":1513}},{"type":"Feature","geometry":{"type":"Point","coordinates":[159.674,54.135]},"properties":{"id":"300140","name":"Maly Semyachik","country":"Russia","year":1952,"kind":"Caldera","elev":1527}},{"type":"Feature","geometry":{"type":"Point","coordinates":[160.02,54.32]},"properties":{"id":"300150","name":"Bolshoi Semiachik","country":"Russia","year":-4450,"kind":"Stratovolcano(es)","elev":1720}},{"type":"Feature","geometry":{"type":"Point","coordinates":[159.804,54.528]},"properties":{"id":"300160","name":"Taunshits","country":"Russia","year":-550,"kind":"Stratovolcano","elev":2301}},{"type":"Feature","geometry":{"type":"Point","coordinates":[159.9741,54.4885]},"properties":{"id":"300170","name":"Uzon","country":"Russia","year":200,"kind":"Caldera(s)","elev":1617}},{"type":"Feature","geometry":{"type":"Point","coordinates":[160.251,54.489]},"properties":{"id":"300180","name":"Kikhpinych","country":"Russia","year":1550,"kind":"Stratovolcano(es)","elev":1515}},{"type":"Feature","geometry":{"type":"Point","coordinates":[160.27,54.596]},"properties":{"id":"300190","name":"Krasheninnikov","country":"Russia","year":2026,"kind":"Caldera","elev":1816}},{"type":"Feature","geometry":{"type":"Point","coordinates":[160.533,54.753]},"properties":{"id":"300200","name":"Kronotsky","country":"Russia","year":-3350,"kind":"Stratovolcano","elev":3482}},{"type":"Feature","geometry":{"type":"Point","coordinates":[160.703,54.974]},"properties":{"id":"300210","name":"Gamchen","country":"Russia","year":-188,"kind":"Complex","elev":2539}},{"type":"Feature","geometry":{"type":"Point","coordinates":[160.765,55.064]},"properties":{"id":"300221","name":"Vysoky","country":"Russia","year":-550,"kind":"Stratovolcano","elev":2129}},{"type":"Feature","geometry":{"type":"Point","coordinates":[160.725,55.033]},"properties":{"id":"300220","name":"Komarov","country":"Russia","year":950,"kind":"Stratovolcano","elev":2065}},{"type":"Feature","geometry":{"type":"Point","coordinates":[160.32,55.131]},"properties":{"id":"300230","name":"Kizimen","country":"Russia","year":2013,"kind":"Stratovolcano","elev":2334}},{"type":"Feature","geometry":{"type":"Point","coordinates":[160.527,55.758]},"properties":{"id":"300241","name":"Udina","country":"Russia","year":null,"kind":"Stratovolcano(es)","elev":2886}},{"type":"Feature","geometry":{"type":"Point","coordinates":[160.603,55.862]},"properties":{"id":"300242","name":"Zimina","country":"Russia","year":null,"kind":"Stratovolcano(es)","elev":3057}},{"type":"Feature","geometry":{"type":"Point","coordinates":[160.326,55.832]},"properties":{"id":"300240","name":"Tolbachik","country":"Russia","year":2013,"kind":"Shield","elev":3611}},{"type":"Feature","geometry":{"type":"Point","coordinates":[160.593,56.02]},"properties":{"id":"300251","name":"Kamen","country":"Russia","year":null,"kind":"Stratovolcano","elev":4585}},{"type":"Feature","geometry":{"type":"Point","coordinates":[160.595,55.972]},"properties":{"id":"300250","name":"Bezymianny","country":"Russia","year":2025,"kind":"Stratovolcano","elev":2882}},{"type":"Feature","geometry":{"type":"Point","coordinates":[160.509,56.113]},"properties":{"id":"300261","name":"Ushkovsky","country":"Russia","year":1890,"kind":"Compound","elev":3943}},{"type":"Feature","geometry":{"type":"Point","coordinates":[160.642,56.056]},"properties":{"id":"300260","name":"Klyuchevskoy","country":"Russia","year":2025,"kind":"Stratovolcano","elev":4754}},{"type":"Feature","geometry":{"type":"Point","coordinates":[167.33,55.42]},"properties":{"id":"300271","name":"Piip","country":"Russia","year":-5050,"kind":"Stratovolcano","elev":-300}},{"type":"Feature","geometry":{"type":"Point","coordinates":[157.407,54.761]},"properties":{"id":"300272","name":"Khangar","country":"Russia","year":1500,"kind":"Stratovolcano","elev":1967}},{"type":"Feature","geometry":{"type":"Point","coordinates":[157.47,55.55]},"properties":{"id":"300273","name":"Cherpuk Group","country":"Russia","year":-4550,"kind":"Pyroclastic cone(s)","elev":1868}},{"type":"Feature","geometry":{"type":"Point","coordinates":[161.36,56.653]},"properties":{"id":"300270","name":"Sheveluch","country":"Russia","year":2026,"kind":"Stratovolcano","elev":3283}},{"type":"Feature","geometry":{"type":"Point","coordinates":[157.718,55.678]},"properties":{"id":"300280","name":"Ichinsky","country":"Russia","year":1740,"kind":"Stratovolcano","elev":3596}},{"type":"Feature","geometry":{"type":"Point","coordinates":[157.917,56.483]},"properties":{"id":"300360","name":"Bolshoi-Kekuknaysky","country":"Russia","year":-5310,"kind":"Shield(s)","elev":1401}},{"type":"Feature","geometry":{"type":"Point","coordinates":[159.647,56.656]},"properties":{"id":"300450","name":"Alney-Chashakondzha","country":"Russia","year":1600,"kind":"Stratovolcano","elev":2570}},{"type":"Feature","geometry":{"type":"Point","coordinates":[161.09,57.153]},"properties":{"id":"300511","name":"Shisheika","country":"Russia","year":-2240,"kind":"Lava dome","elev":355}},{"type":"Feature","geometry":{"type":"Point","coordinates":[159.83,57.2]},"properties":{"id":"300512","name":"Terpuk","country":"Russia","year":-800,"kind":"Shield","elev":765}},{"type":"Feature","geometry":{"type":"Point","coordinates":[160.067,57.317]},"properties":{"id":"300520","name":"Sedanka Lava Field","country":"Russia","year":-7050,"kind":"Volcanic field","elev":1399}},{"type":"Feature","geometry":{"type":"Point","coordinates":[160.2,57.33]},"properties":{"id":"300550","name":"Gorny Institute","country":"Russia","year":1250,"kind":"Stratovolcano","elev":2125}},{"type":"Feature","geometry":{"type":"Point","coordinates":[160.97,57.35]},"properties":{"id":"300551","name":"Kinenin","country":"Russia","year":850,"kind":"Maar","elev":583}},{"type":"Feature","geometry":{"type":"Point","coordinates":[161.37,57.35]},"properties":{"id":"300552","name":"Bliznetsy","country":"Russia","year":-1060,"kind":"Lava cone","elev":265}},{"type":"Feature","geometry":{"type":"Point","coordinates":[160.108,57.406]},"properties":{"id":"300560","name":"Titila","country":"Russia","year":-550,"kind":"Shield(s)","elev":1523}},{"type":"Feature","geometry":{"type":"Point","coordinates":[160.53,57.55]},"properties":{"id":"300590","name":"Elovsky","country":"Russia","year":-7550,"kind":"Shield(s)","elev":1381}},{"type":"Feature","geometry":{"type":"Point","coordinates":[160.65,57.97]},"properties":{"id":"300650","name":"Nylgimelkin","country":"Russia","year":-3550,"kind":"Shield(s)","elev":1764}},{"type":"Feature","geometry":{"type":"Point","coordinates":[160.82,58.13]},"properties":{"id":"300671","name":"Spokoiny","country":"Russia","year":-3450,"kind":"Stratovolcano","elev":2171}},{"type":"Feature","geometry":{"type":"Point","coordinates":[160.82,58.18]},"properties":{"id":"300680","name":"Ostry","country":"Russia","year":-2050,"kind":"Stratovolcano","elev":2552}},{"type":"Feature","geometry":{"type":"Point","coordinates":[160.87,58.28]},"properties":{"id":"300700","name":"Severny","country":"Russia","year":-1550,"kind":"Shield","elev":1936}},{"type":"Feature","geometry":{"type":"Point","coordinates":[117.77,56.28]},"properties":{"id":"302030","name":"Udokan Plateau","country":"Russia","year":-220,"kind":"Volcanic field","elev":2180}},{"type":"Feature","geometry":{"type":"Point","coordinates":[99.021,52.713]},"properties":{"id":"302060","name":"Jombolok","country":"Russia","year":737,"kind":"Volcanic field","elev":2047}},{"type":"Feature","geometry":{"type":"Point","coordinates":[99.95,48.133]},"properties":{"id":"303010","name":"Taryatu-Chulutu","country":"Mongolia","year":-2980,"kind":"Volcanic field","elev":2326}},{"type":"Feature","geometry":{"type":"Point","coordinates":[81.646,35.742]},"properties":{"id":"304030","name":"Ashikule Volcanic Field","country":"China","year":1951,"kind":"Volcanic field","elev":5090}},{"type":"Feature","geometry":{"type":"Point","coordinates":[113.111,41.59]},"properties":{"id":"305010","name":"Honggeertu","country":"China","year":null,"kind":"Volcanic field","elev":1605}},{"type":"Feature","geometry":{"type":"Point","coordinates":[120.8,47.45]},"properties":{"id":"305011","name":"Arxan-Chaihe","country":"China","year":0,"kind":"Volcanic field","elev":1677}},{"type":"Feature","geometry":{"type":"Point","coordinates":[125.92,49.37]},"properties":{"id":"305020","name":"Keluo Group","country":"China","year":null,"kind":"Volcanic field","elev":670}},{"type":"Feature","geometry":{"type":"Point","coordinates":[126.15,48.722]},"properties":{"id":"305030","name":"Wudalianchi","country":"China","year":1776,"kind":"Volcanic field","elev":597}},{"type":"Feature","geometry":{"type":"Point","coordinates":[128.83,44.08]},"properties":{"id":"305040","name":"Jingpohu","country":"China","year":-520,"kind":"Volcanic field","elev":1000}},{"type":"Feature","geometry":{"type":"Point","coordinates":[126.5,42.33]},"properties":{"id":"305050","name":"Longgang Group","country":"China","year":350,"kind":"Volcanic field","elev":1000}},{"type":"Feature","geometry":{"type":"Point","coordinates":[128.08,41.98]},"properties":{"id":"305060","name":"Changbaishan","country":"China-North Korea","year":1903,"kind":"Stratovolcano","elev":2744}},{"type":"Feature","geometry":{"type":"Point","coordinates":[130.87,37.5]},"properties":{"id":"306030","name":"Ulleungdo","country":"South Korea","year":-2990,"kind":"Stratovolcano","elev":984}},{"type":"Feature","geometry":{"type":"Point","coordinates":[126.53,33.361]},"properties":{"id":"306040","name":"Halla","country":"South Korea","year":1007,"kind":"Shield","elev":1919}},{"type":"Feature","geometry":{"type":"Point","coordinates":[175.911,52.35]},"properties":{"id":"311010","name":"Buldir","country":"United States","year":null,"kind":"Stratovolcano","elev":656}},{"type":"Feature","geometry":{"type":"Point","coordinates":[177.602,52.103]},"properties":{"id":"311020","name":"Kiska","country":"United States","year":1990,"kind":"Stratovolcano","elev":1220}},{"type":"Feature","geometry":{"type":"Point","coordinates":[178.136,52.015]},"properties":{"id":"311030","name":"Segula","country":"United States","year":null,"kind":"Stratovolcano","elev":1160}},{"type":"Feature","geometry":{"type":"Point","coordinates":[178.33,51.97]},"properties":{"id":"311040","name":"Davidof","country":"United States","year":null,"kind":"Stratovolcano","elev":328}},{"type":"Feature","geometry":{"type":"Point","coordinates":[178.543,51.95]},"properties":{"id":"311050","name":"Little Sitkin","country":"United States","year":1830,"kind":"Stratovolcano","elev":1174}},{"type":"Feature","geometry":{"type":"Point","coordinates":[179.58,51.93]},"properties":{"id":"311060","name":"Semisopochnoi","country":"United States","year":2023,"kind":"Stratovolcano","elev":1221}},{"type":"Feature","geometry":{"type":"Point","coordinates":[-178.794,51.79]},"properties":{"id":"311070","name":"Gareloi","country":"United States","year":1989,"kind":"Stratovolcano","elev":1573}},{"type":"Feature","geometry":{"type":"Point","coordinates":[-178.146,51.885]},"properties":{"id":"311080","name":"Tanaga","country":"United States","year":1914,"kind":"Stratovolcano(es)","elev":1806}},{"type":"Feature","geometry":{"type":"Point","coordinates":[-178.006,51.873]},"properties":{"id":"311090","name":"Takawangha","country":"United States","year":1550,"kind":"Stratovolcano","elev":1449}},{"type":"Feature","geometry":{"type":"Point","coordinates":[-177.438,51.91]},"properties":{"id":"311100","name":"Bobrof","country":"United States","year":null,"kind":"Stratovolcano","elev":738}},{"type":"Feature","geometry":{"type":"Point","coordinates":[-177.168,51.923]},"properties":{"id":"311110","name":"Kanaga","country":"United States","year":2023,"kind":"Stratovolcano","elev":1307}},{"type":"Feature","geometry":{"type":"Point","coordinates":[-176.747,51.944]},"properties":{"id":"311111","name":"Moffett","country":"United States","year":-1600,"kind":"Stratovolcano","elev":1196}},{"type":"Feature","geometry":{"type":"Point","coordinates":[-176.13,52.076]},"properties":{"id":"311120","name":"Great Sitkin","country":"United States","year":2026,"kind":"Stratovolcano","elev":1740}},{"type":"Feature","geometry":{"type":"Point","coordinates":[-175.508,52.177]},"properties":{"id":"311130","name":"Kasatochi","country":"United States","year":2008,"kind":"Stratovolcano","elev":314}},{"type":"Feature","geometry":{"type":"Point","coordinates":[-175.13,52.22]},"properties":{"id":"311140","name":"Koniuji","country":"United States","year":-1150,"kind":"Stratovolcano","elev":273}},{"type":"Feature","geometry":{"type":"Point","coordinates":[-174.139,52.331]},"properties":{"id":"311160","name":"Atka Volcanic Complex","country":"United States","year":2025,"kind":"Stratovolcano(es)","elev":1518}},{"type":"Feature","geometry":{"type":"Point","coordinates":[-172.51,52.315]},"properties":{"id":"311180","name":"Seguam","country":"United States","year":1993,"kind":"Stratovolcano(es)","elev":1054}},{"type":"Feature","geometry":{"type":"Point","coordinates":[-171.252,52.5]},"properties":{"id":"311190","name":"Amukta","country":"United States","year":1996,"kind":"Stratovolcano","elev":1066}},{"type":"Feature","geometry":{"type":"Point","coordinates":[-171.1383,52.5716]},"properties":{"id":"311200","name":"Chagulak","country":"United States","year":null,"kind":"Stratovolcano","elev":1028}},{"type":"Feature","geometry":{"type":"Point","coordinates":[-170.6317,52.6394]},"properties":{"id":"311210","name":"Yunaska","country":"United States","year":1937,"kind":"Shield","elev":550}},{"type":"Feature","geometry":{"type":"Point","coordinates":[-170.111,52.742]},"properties":{"id":"311220","name":"Herbert","country":"United States","year":null,"kind":"Stratovolcano","elev":1280}},{"type":"Feature","geometry":{"type":"Point","coordinates":[-170.054,52.894]},"properties":{"id":"311230","name":"Carlisle","country":"United States","year":1828,"kind":"Stratovolcano","elev":1620}},{"type":"Feature","geometry":{"type":"Point","coordinates":[-169.944,52.825]},"properties":{"id":"311240","name":"Cleveland","country":"United States","year":2020,"kind":"Stratovolcano","elev":1730}},{"type":"Feature","geometry":{"type":"Point","coordinates":[-169.77,52.83]},"properties":{"id":"311241","name":"Tana","country":"United States","year":null,"kind":"Stratovolcano(es)","elev":1170}},{"type":"Feature","geometry":{"type":"Point","coordinates":[-169.77,53.065]},"properties":{"id":"311250","name":"Uliaga","country":"United States","year":null,"kind":"Stratovolcano","elev":888}},{"type":"Feature","geometry":{"type":"Point","coordinates":[-169.72,52.974]},"properties":{"id":"311260","name":"Kagamil","country":"United States","year":1929,"kind":"Stratovolcano","elev":893}},{"type":"Feature","geometry":{"type":"Point","coordinates":[-168.6875,53.1264]},"properties":{"id":"311270","name":"Vsevidof","country":"United States","year":1878,"kind":"Stratovolcano","elev":2160}},{"type":"Feature","geometry":{"type":"Point","coordinates":[-168.539,53.157]},"properties":{"id":"311280","name":"Recheschnoi","country":"United States","year":null,"kind":"Stratovolcano","elev":1984}},{"type":"Feature","geometry":{"type":"Point","coordinates":[-168.13,53.43]},"properties":{"id":"311290","name":"Okmok","country":"United States","year":2008,"kind":"Shield","elev":1073}},{"type":"Feature","geometry":{"type":"Point","coordinates":[-168.03,53.93]},"properties":{"id":"311300","name":"Bogoslof","country":"United States","year":2017,"kind":"Stratovolcano","elev":150}},{"type":"Feature","geometry":{"type":"Point","coordinates":[-166.923,53.891]},"properties":{"id":"311310","name":"Makushin","country":"United States","year":1995,"kind":"Stratovolcano","elev":1800}},{"type":"Feature","geometry":{"type":"Point","coordinates":[-165.986,54.134]},"properties":{"id":"311320","name":"Akutan","country":"United States","year":1992,"kind":"Stratovolcano","elev":1303}},{"type":"Feature","geometry":{"type":"Point","coordinates":[-164.65,54.516]},"properties":{"id":"311340","name":"Westdahl","country":"United States","year":1992,"kind":"Stratovolcano?","elev":1563}},{"type":"Feature","geometry":{"type":"Point","coordinates":[-164.43,54.65]},"properties":{"id":"311350","name":"Fisher","country":"United States","year":1830,"kind":"Stratovolcano","elev":1112}},{"type":"Feature","geometry":{"type":"Point","coordinates":[-163.97,54.756]},"properties":{"id":"311360","name":"Shishaldin","country":"United States","year":2023,"kind":"Stratovolcano","elev":2857}},{"type":"Feature","geometry":{"type":"Point","coordinates":[-163.589,54.8]},"properties":{"id":"311380","name":"Roundtop","country":"United States","year":-7600,"kind":"Stratovolcano","elev":1871}},{"type":"Feature","geometry":{"type":"Point","coordinates":[-163.1472,55.4184]},"properties":{"id":"311390","name":"Amak","country":"United States","year":1796,"kind":"Stratovolcano","elev":547}},{"type":"Feature","geometry":{"type":"Point","coordinates":[-162.835,55.067]},"properties":{"id":"312010","name":"Frosty","country":"United States","year":null,"kind":"Stratovolcano(es)","elev":1728}},{"type":"Feature","geometry":{"type":"Point","coordinates":[-162.276,55.183]},"properties":{"id":"312011","name":"Dutton","country":"United States","year":null,"kind":"Stratovolcano","elev":1465}},{"type":"Feature","geometry":{"type":"Point","coordinates":[-162.0445,55.3519]},"properties":{"id":"312020","name":"Emmons Lake Volcanic Center","country":"United States","year":null,"kind":"Caldera","elev":1534}},{"type":"Feature","geometry":{"type":"Point","coordinates":[-161.894,55.417]},"properties":{"id":"312030","name":"Pavlof","country":"United States","year":2022,"kind":"Stratovolcano","elev":2493}},{"type":"Feature","geometry":{"type":"Point","coordinates":[-161.854,55.457]},"properties":{"id":"312040","name":"Pavlof Sister","country":"United States","year":null,"kind":"Stratovolcano","elev":2142}},{"type":"Feature","geometry":{"type":"Point","coordinates":[-161.214,55.641]},"properties":{"id":"312050","name":"Dana","country":"United States","year":-1890,"kind":"Stratovolcano","elev":1354}},{"type":"Feature","geometry":{"type":"Point","coordinates":[-159.797,56.011]},"properties":{"id":"312060","name":"Kupreanof","country":"United States","year":null,"kind":"Stratovolcano","elev":1895}},{"type":"Feature","geometry":{"type":"Point","coordinates":[-159.38,56.17]},"properties":{"id":"312070","name":"Veniaminof","country":"United States","year":2021,"kind":"Stratovolcano","elev":2507}},{"type":"Feature","geometry":{"type":"Point","coordinates":[-158.785,56.552]},"properties":{"id":"312080","name":"Black Peak","country":"United States","year":-1900,"kind":"Stratovolcano","elev":1032}},{"type":"Feature","geometry":{"type":"Point","coordinates":[-158.17,56.88]},"properties":{"id":"312090","name":"Aniakchak","country":"United States","year":1931,"kind":"Caldera","elev":1341}},{"type":"Feature","geometry":{"type":"Point","coordinates":[-157.185,57.019]},"properties":{"id":"312100","name":"Yantarni","country":"United States","year":-800,"kind":"Stratovolcano","elev":1345}},{"type":"Feature","geometry":{"type":"Point","coordinates":[-156.99,57.135]},"properties":{"id":"312110","name":"Chiginagak","country":"United States","year":1998,"kind":"Stratovolcano","elev":2221}},{"type":"Feature","geometry":{"type":"Point","coordinates":[-156.745,57.203]},"properties":{"id":"312120","name":"Kialagvik","country":"United States","year":null,"kind":"Stratovolcano","elev":1677}},{"type":"Feature","geometry":{"type":"Point","coordinates":[-156.368,57.751]},"properties":{"id":"312130","name":"Ugashik-Peulik","country":"United States","year":1814,"kind":"Stratovolcano","elev":1474}},{"type":"Feature","geometry":{"type":"Point","coordinates":[-156.5203,57.8344]},"properties":{"id":"312131","name":"Ukinrek Maars","country":"United States","year":1977,"kind":"Maar(s)","elev":91}},{"type":"Feature","geometry":{"type":"Point","coordinates":[-155.411,57.87]},"properties":{"id":"312132","name":"Alaska Peninsula Arc at 155.4\u00b0W","country":"United States","year":null,"kind":"Lava dome","elev":402}},{"type":"Feature","geometry":{"type":"Point","coordinates":[-155.361,58.172]},"properties":{"id":"312140","name":"Martin","country":"United States","year":1953,"kind":"Stratovolcano","elev":1863}},{"type":"Feature","geometry":{"type":"Point","coordinates":[-155.253,58.195]},"properties":{"id":"312150","name":"Mageik","country":"United States","year":-500,"kind":"Stratovolcano","elev":2165}},{"type":"Feature","geometry":{"type":"Point","coordinates":[-155.1,58.236]},"properties":{"id":"312160","name":"Trident","country":"United States","year":1974,"kind":"Stratovolcano","elev":1864}},{"type":"Feature","geometry":{"type":"Point","coordinates":[-154.9533,58.279]},"properties":{"id":"312170","name":"Katmai","country":"United States","year":1912,"kind":"Stratovolcano","elev":2047}},{"type":"Feature","geometry":{"type":"Point","coordinates":[-155.1588,58.2655]},"properties":{"id":"312180","name":"Novarupta","country":"United States","year":1912,"kind":"Caldera","elev":841}},{"type":"Feature","geometry":{"type":"Point","coordinates":[-155.092,58.354]},"properties":{"id":"312190","name":"Griggs","country":"United States","year":-1790,"kind":"Stratovolcano","elev":2317}},{"type":"Feature","geometry":{"type":"Point","coordinates":[-154.682,58.336]},"properties":{"id":"312200","name":"Snowy Mountain","country":"United States","year":1710,"kind":"Stratovolcano(es)","elev":2162}},{"type":"Feature","geometry":{"type":"Point","coordinates":[-154.449,58.418]},"properties":{"id":"312210","name":"Denison","country":"United States","year":null,"kind":"Stratovolcano","elev":2287}},{"type":"Feature","geometry":{"type":"Point","coordinates":[-154.3895,58.4298]},"properties":{"id":"312220","name":"Steller","country":"United States","year":null,"kind":"Stratovolcano","elev":2279}},{"type":"Feature","geometry":{"type":"Point","coordinates":[-154.355,58.453]},"properties":{"id":"312230","name":"Kukak","country":"United States","year":null,"kind":"Stratovolcano","elev":2043}},{"type":"Feature","geometry":{"type":"Point","coordinates":[-154.0245,58.6113]},"properties":{"id":"312250","name":"Kaguyak","country":"United States","year":-3850,"kind":"Lava dome(s)","elev":901}},{"type":"Feature","geometry":{"type":"Point","coordinates":[-153.672,58.77]},"properties":{"id":"312260","name":"Fourpeaked","country":"United States","year":2006,"kind":"Stratovolcano","elev":2105}},{"type":"Feature","geometry":{"type":"Point","coordinates":[-153.542,58.855]},"properties":{"id":"312270","name":"Douglas","country":"United States","year":null,"kind":"Stratovolcano","elev":2140}},{"type":"Feature","geometry":{"type":"Point","coordinates":[-153.435,59.3626]},"properties":{"id":"313010","name":"Augustine","country":"United States","year":2006,"kind":"Lava dome(s)","elev":1218}},{"type":"Feature","geometry":{"type":"Point","coordinates":[-153.09,60.032]},"properties":{"id":"313020","name":"Iliamna","country":"United States","year":1876,"kind":"Stratovolcano","elev":3053}},{"type":"Feature","geometry":{"type":"Point","coordinates":[-152.742,60.485]},"properties":{"id":"313030","name":"Redoubt","country":"United States","year":2009,"kind":"Stratovolcano","elev":3108}},{"type":"Feature","geometry":{"type":"Point","coordinates":[-152.251,61.299]},"properties":{"id":"313040","name":"Spurr","country":"United States","year":1992,"kind":"Stratovolcano","elev":3374}},{"type":"Feature","geometry":{"type":"Point","coordinates":[-152.411,61.64]},"properties":{"id":"313050","name":"Hayes","country":"United States","year":1200,"kind":"Stratovolcano","elev":3034}},{"type":"Feature","geometry":{"type":"Point","coordinates":[-170.213,57.167]},"properties":{"id":"314010","name":"St. Paul Island","country":"United States","year":-1280,"kind":"Shield","elev":203}},{"type":"Feature","geometry":{"type":"Point","coordinates":[-164.47,61.43]},"properties":{"id":"314030","name":"Ingakslugwat Hills","country":"United States","year":null,"kind":"Volcanic field","elev":190}},{"type":"Feature","geometry":{"type":"Point","coordinates":[-162.12,63.45]},"properties":{"id":"314040","name":"St. Michael","country":"United States","year":null,"kind":"Volcanic field","elev":715}},{"type":"Feature","geometry":{"type":"Point","coordinates":[-163.45,65.517]},"properties":{"id":"314060","name":"Imuruk Lake","country":"United States","year":300,"kind":"Volcanic field","elev":610}},{"type":"Feature","geometry":{"type":"Point","coordinates":[-148.4327,64.0616]},"properties":{"id":"315001","name":"Buzzard Creek","country":"United States","year":-1050,"kind":"Tuff ring(s)","elev":830}},{"type":"Feature","geometry":{"type":"Point","coordinates":[-144.017,62.006]},"properties":{"id":"315020","name":"Wrangell","country":"United States","year":1912,"kind":"Shield","elev":4278}},{"type":"Feature","geometry":{"type":"Point","coordinates":[-141.75,61.38]},"properties":{"id":"315030","name":"Churchill","country":"United States","year":847,"kind":"Stratovolcano","elev":5005}},{"type":"Feature","geometry":{"type":"Point","coordinates":[-135.75,57.05]},"properties":{"id":"315040","name":"Edgecumbe","country":"United States","year":-2080,"kind":"Volcanic field","elev":970}},{"type":"Feature","geometry":{"type":"Point","coordinates":[-133.1,56.5]},"properties":{"id":"315050","name":"Duncan Canal","country":"United States","year":null,"kind":"Volcanic field","elev":15}},{"type":"Feature","geometry":{"type":"Point","coordinates":[-133.3,55.25]},"properties":{"id":"315060","name":"Tlevak Strait-Suemez Island","country":"United States","year":null,"kind":"Volcanic field","elev":50}},{"type":"Feature","geometry":{"type":"Point","coordinates":[-131.0,55.35]},"properties":{"id":"315070","name":"Behm Canal-Rudyerd Bay","country":"United States","year":null,"kind":"Volcanic field","elev":500}},{"type":"Feature","geometry":{"type":"Point","coordinates":[-137.38,62.93]},"properties":{"id":"320010","name":"Fort Selkirk","country":"Canada","year":null,"kind":"Volcanic field","elev":1239}},{"type":"Feature","geometry":{"type":"Point","coordinates":[-135.42,60.42]},"properties":{"id":"320020","name":"Alligator Lake","country":"Canada","year":null,"kind":"Volcanic field","elev":2217}},{"type":"Feature","geometry":{"type":"Point","coordinates":[-133.358,59.708]},"properties":{"id":"320030","name":"Atlin Volcanic Field","country":"Canada","year":null,"kind":"Pyroclastic cone(s)","elev":1880}},{"type":"Feature","geometry":{"type":"Point","coordinates":[-130.58,59.37]},"properties":{"id":"320031","name":"Tuya Volcanic Field","country":"Canada","year":null,"kind":"Volcanic field","elev":2123}},{"type":"Feature","geometry":{"type":"Point","coordinates":[-131.97,58.6]},"properties":{"id":"320040","name":"Heart Peaks","country":"Canada","year":null,"kind":"Shield","elev":2012}},{"type":"Feature","geometry":{"type":"Point","coordinates":[-131.35,58.42]},"properties":{"id":"320050","name":"Level Mountain","country":"Canada","year":null,"kind":"Shield","elev":2164}},{"type":"Feature","geometry":{"type":"Point","coordinates":[-130.63,57.72]},"properties":{"id":"320060","name":"Edziza","country":"Canada","year":950,"kind":"Stratovolcano","elev":2786}},{"type":"Feature","geometry":{"type":"Point","coordinates":[-130.68,57.43]},"properties":{"id":"320070","name":"Spectrum Range","country":"Canada","year":null,"kind":"Shield","elev":2430}},{"type":"Feature","geometry":{"type":"Point","coordinates":[-131.28,56.78]},"properties":{"id":"320080","name":"Hoodoo Mountain","country":"Canada","year":-7050,"kind":"Pyroclastic cone(s)","elev":1850}},{"type":"Feature","geometry":{"type":"Point","coordinates":[-130.75,56.567]},"properties":{"id":"320090","name":"Iskut-Unuk River Cones","country":"Canada","year":1800,"kind":"Pyroclastic cone(s)","elev":1880}},{"type":"Feature","geometry":{"type":"Point","coordinates":[-128.8991,55.1109]},"properties":{"id":"320100","name":"Tseax River Cone","country":"Canada","year":1690,"kind":"Pyroclastic cone","elev":612}},{"type":"Feature","geometry":{"type":"Point","coordinates":[-130.23,54.7]},"properties":{"id":"320110","name":"Crow Lagoon","country":"Canada","year":null,"kind":"Pyroclastic cone","elev":335}},{"type":"Feature","geometry":{"type":"Point","coordinates":[-128.723,52.498]},"properties":{"id":"320120","name":"Milbanke Sound Group","country":"Canada","year":null,"kind":"Pyroclastic cone(s)","elev":233}},{"type":"Feature","geometry":{"type":"Point","coordinates":[-123.732,52.928]},"properties":{"id":"320140","name":"Nazko","country":"Canada","year":-5220,"kind":"Pyroclastic cone(s)","elev":1238}},{"type":"Feature","geometry":{"type":"Point","coordinates":[-120.1125,52.0306]},"properties":{"id":"320150","name":"Wells Gray-Clearwater","country":"Canada","year":1550,"kind":"Volcanic field","elev":950}},{"type":"Feature","geometry":{"type":"Point","coordinates":[-126.1133,51.5179]},"properties":{"id":"320160","name":"Silverthrone","country":"Canada","year":null,"kind":"Caldera","elev":2860}},{"type":"Feature","geometry":{"type":"Point","coordinates":[-123.4,50.8]},"properties":{"id":"320170","name":"Bridge River Cones","country":"Canada","year":null,"kind":"Volcanic field","elev":2500}},{"type":"Feature","geometry":{"type":"Point","coordinates":[-123.5,50.63]},"properties":{"id":"320180","name":"Meager","country":"Canada","year":-410,"kind":"Complex","elev":2680}},{"type":"Feature","geometry":{"type":"Point","coordinates":[-123.0,49.933]},"properties":{"id":"320190","name":"Garibaldi Lake","country":"Canada","year":null,"kind":"Volcanic field","elev":2316}},{"type":"Feature","geometry":{"type":"Point","coordinates":[-123.0,49.85]},"properties":{"id":"320200","name":"Garibaldi","country":"Canada","year":-8060,"kind":"Stratovolcano","elev":2678}},{"type":"Feature","geometry":{"type":"Point","coordinates":[-123.28,50.12]},"properties":{"id":"320811","name":"Cayley Volcanic Field","country":"Canada","year":null,"kind":"Volcanic field","elev":2375}},{"type":"Feature","geometry":{"type":"Point","coordinates":[-121.813,48.777]},"properties":{"id":"321010","name":"Baker","country":"United States","year":1880,"kind":"Stratovolcano(es)","elev":3285}},{"type":"Feature","geometry":{"type":"Point","coordinates":[-121.113,48.112]},"properties":{"id":"321020","name":"Glacier Peak","country":"United States","year":1700,"kind":"Stratovolcano","elev":3213}},{"type":"Feature","geometry":{"type":"Point","coordinates":[-121.76,46.853]},"properties":{"id":"321030","name":"Rainier","country":"United States","year":1450,"kind":"Stratovolcano","elev":4392}},{"type":"Feature","geometry":{"type":"Point","coordinates":[-121.49,46.206]},"properties":{"id":"321040","name":"Adams","country":"United States","year":950,"kind":"Stratovolcano","elev":3742}},{"type":"Feature","geometry":{"type":"Point","coordinates":[-122.18,46.2]},"properties":{"id":"321050","name":"St. Helens","country":"United States","year":2008,"kind":"Stratovolcano","elev":2549}},{"type":"Feature","geometry":{"type":"Point","coordinates":[-122.08,45.88]},"properties":{"id":"321060","name":"West Crater","country":"United States","year":-5750,"kind":"Volcanic field","elev":1329}},{"type":"Feature","geometry":{"type":"Point","coordinates":[-121.82,45.93]},"properties":{"id":"321070","name":"Indian Heaven","country":"United States","year":-6250,"kind":"Volcanic field","elev":1806}},{"type":"Feature","geometry":{"type":"Point","coordinates":[-121.695,45.374]},"properties":{"id":"322010","name":"Hood","country":"United States","year":1866,"kind":"Stratovolcano","elev":3426}},{"type":"Feature","geometry":{"type":"Point","coordinates":[-121.8,44.674]},"properties":{"id":"322020","name":"Jefferson","country":"United States","year":950,"kind":"Stratovolcano","elev":3199}},{"type":"Feature","geometry":{"type":"Point","coordinates":[-121.7686,44.4125]},"properties":{"id":"322030","name":"Blue Lake Crater","country":"United States","year":680,"kind":"Maar","elev":1136}},{"type":"Feature","geometry":{"type":"Point","coordinates":[-121.93,44.38]},"properties":{"id":"322040","name":"Sand Mountain Field","country":"United States","year":-950,"kind":"Volcanic field","elev":1664}},{"type":"Feature","geometry":{"type":"Point","coordinates":[-121.8423,44.285]},"properties":{"id":"322060","name":"Belknap","country":"United States","year":475,"kind":"Shield(s)","elev":2094}},{"type":"Feature","geometry":{"type":"Point","coordinates":[-121.767,44.133]},"properties":{"id":"322070","name":"Three Sisters","country":"United States","year":439,"kind":"Complex","elev":3159}},{"type":"Feature","geometry":{"type":"Point","coordinates":[-121.688,43.979]},"properties":{"id":"322090","name":"Bachelor","country":"United States","year":-5800,"kind":"Stratovolcano","elev":2763}},{"type":"Feature","geometry":{"type":"Point","coordinates":[-121.82,43.57]},"properties":{"id":"322100","name":"Davis Lake","country":"United States","year":-2790,"kind":"Volcanic field","elev":2163}},{"type":"Feature","geometry":{"type":"Point","coordinates":[-121.229,43.722]},"properties":{"id":"322110","name":"Newberry","country":"United States","year":690,"kind":"Shield","elev":2434}},{"type":"Feature","geometry":{"type":"Point","coordinates":[-120.861,43.512]},"properties":{"id":"322120","name":"Devils Garden","country":"United States","year":null,"kind":"Volcanic field","elev":1698}},{"type":"Feature","geometry":{"type":"Point","coordinates":[-122.1111,43.2411]},"properties":{"id":"322150","name":"Cinnamon Butte","country":"United States","year":null,"kind":"Pyroclastic cone(s)","elev":1958}},{"type":"Feature","geometry":{"type":"Point","coordinates":[-122.107,42.942]},"properties":{"id":"322160","name":"Crater Lake","country":"United States","year":-2850,"kind":"Caldera","elev":2487}},{"type":"Feature","geometry":{"type":"Point","coordinates":[-118.75,43.1]},"properties":{"id":"322170","name":"Diamond Craters","country":"United States","year":-5610,"kind":"Volcanic field","elev":1435}},{"type":"Feature","geometry":{"type":"Point","coordinates":[-117.46,43.147]},"properties":{"id":"322190","name":"Jordan Craters","country":"United States","year":-1250,"kind":"Volcanic field","elev":1473}},{"type":"Feature","geometry":{"type":"Point","coordinates":[-122.193,41.409]},"properties":{"id":"323010","name":"Shasta","country":"United States","year":1250,"kind":"Stratovolcano","elev":4317}},{"type":"Feature","geometry":{"type":"Point","coordinates":[-121.554,41.611]},"properties":{"id":"323020","name":"Medicine Lake","country":"United States","year":1060,"kind":"Shield","elev":2412}},{"type":"Feature","geometry":{"type":"Point","coordinates":[-121.508,40.492]},"properties":{"id":"323080","name":"Lassen Volcanic Center","country":"United States","year":1917,"kind":"Stratovolcano","elev":3187}},{"type":"Feature","geometry":{"type":"Point","coordinates":[-122.77,38.97]},"properties":{"id":"323100","name":"Clear Lake Volcanic Field","country":"United States","year":null,"kind":"Volcanic field","elev":1439}},{"type":"Feature","geometry":{"type":"Point","coordinates":[-119.03,38.0]},"properties":{"id":"323110","name":"Mono Lake Volcanic Field","country":"United States","year":1790,"kind":"Volcanic field","elev":2121}},{"type":"Feature","geometry":{"type":"Point","coordinates":[-119.029,37.804]},"properties":{"id":"323120","name":"Mono-Inyo Craters","country":"United States","year":1380,"kind":"Lava dome(s)","elev":2796}},{"type":"Feature","geometry":{"type":"Point","coordinates":[-119.032,37.631]},"properties":{"id":"323150","name":"Mammoth Mountain","country":"United States","year":1260,"kind":"Lava dome(s)","elev":3369}},{"type":"Feature","geometry":{"type":"Point","coordinates":[-117.45,37.02]},"properties":{"id":"323160","name":"Ubehebe Craters","country":"United States","year":-150,"kind":"Maar(s)","elev":752}},{"type":"Feature","geometry":{"type":"Point","coordinates":[-115.616,33.197]},"properties":{"id":"323200","name":"Salton Buttes","country":"United States","year":210,"kind":"Lava dome(s)","elev":-40}},{"type":"Feature","geometry":{"type":"Point","coordinates":[-114.3542,43.185]},"properties":{"id":"324010","name":"Black Butte Crater Lava Field","country":"United States","year":-8180,"kind":"Shield","elev":1478}},{"type":"Feature","geometry":{"type":"Point","coordinates":[-113.493,43.371]},"properties":{"id":"324020","name":"Craters of the Moon","country":"United States","year":-130,"kind":"Volcanic field","elev":2005}},{"type":"Feature","geometry":{"type":"Point","coordinates":[-113.2166,42.8859]},"properties":{"id":"324030","name":"Wapi Lava Field","country":"United States","year":-300,"kind":"Shield","elev":1597}},{"type":"Feature","geometry":{"type":"Point","coordinates":[-112.4503,43.492]},"properties":{"id":"324040","name":"Hell's Half Acre","country":"United States","year":-3250,"kind":"Shield","elev":1632}},{"type":"Feature","geometry":{"type":"Point","coordinates":[-118.8778,39.525]},"properties":{"id":"326010","name":"Soda Lakes","country":"United States","year":null,"kind":"Maar(s)","elev":1251}},{"type":"Feature","geometry":{"type":"Point","coordinates":[-112.67,37.58]},"properties":{"id":"327040","name":"Markagunt Plateau","country":"United States","year":1050,"kind":"Volcanic field","elev":2840}},{"type":"Feature","geometry":{"type":"Point","coordinates":[-112.5,38.97]},"properties":{"id":"327050","name":"Black Rock Desert","country":"United States","year":1290,"kind":"Volcanic field","elev":1800}},{"type":"Feature","geometry":{"type":"Point","coordinates":[-107.0355,39.6613]},"properties":{"id":"328010","name":"Dotsero","country":"United States","year":-2200,"kind":"Maar","elev":2230}},{"type":"Feature","geometry":{"type":"Point","coordinates":[-113.13,36.38]},"properties":{"id":"329010","name":"Uinkaret Field","country":"United States","year":1100,"kind":"Volcanic field","elev":1555}},{"type":"Feature","geometry":{"type":"Point","coordinates":[-111.678,35.347]},"properties":{"id":"329020","name":"San Francisco Volcanic Field","country":"United States","year":1075,"kind":"Volcanic field","elev":3850}},{"type":"Feature","geometry":{"type":"Point","coordinates":[-105.93,33.78]},"properties":{"id":"327110","name":"Carrizozo","country":"United States","year":-3250,"kind":"Pyroclastic cone(s)","elev":1731}},{"type":"Feature","geometry":{"type":"Point","coordinates":[-108.0,34.8]},"properties":{"id":"327120","name":"Zuni-Bandera","country":"United States","year":-1170,"kind":"Volcanic field","elev":2550}},{"type":"Feature","geometry":{"type":"Point","coordinates":[-108.83,34.25]},"properties":{"id":"327812","name":"Red Hill-Quemado","country":"United States","year":-9450,"kind":"Volcanic field","elev":2300}},{"type":"Feature","geometry":{"type":"Point","coordinates":[-129.1,47.95]},"properties":{"id":"331010","name":"Endeavour Segment","country":"Canada","year":-3490,"kind":"Fissure vent(s)","elev":-2050}},{"type":"Feature","geometry":{"type":"Point","coordinates":[-129.33,46.88]},"properties":{"id":"331011","name":"Cobb Segment","country":"Canada","year":-1180,"kind":"Fissure vent(s)","elev":-2100}},{"type":"Feature","geometry":{"type":"Point","coordinates":[-129.58,46.52]},"properties":{"id":"331020","name":"CoAxial Segment","country":"Undersea Features","year":1993,"kind":"Fissure vent(s)","elev":-2400}},{"type":"Feature","geometry":{"type":"Point","coordinates":[-130.0,45.95]},"properties":{"id":"331021","name":"Axial Seamount","country":"Undersea Features","year":2015,"kind":"Fissure vent(s)","elev":-1410}},{"type":"Feature","geometry":{"type":"Point","coordinates":[-130.3,44.83]},"properties":{"id":"331030","name":"Cleft Segment","country":"Undersea Features","year":1986,"kind":"Fissure vent(s)","elev":-2140}},{"type":"Feature","geometry":{"type":"Point","coordinates":[-126.78,42.67]},"properties":{"id":"331031","name":"North Gorda Ridge Segment","country":"United States","year":1996,"kind":"Fissure vent(s)","elev":-3000}},{"type":"Feature","geometry":{"type":"Point","coordinates":[-127.5,40.98]},"properties":{"id":"331040","name":"Escanaba Segment","country":"United States","year":-2260,"kind":"Fissure vent(s)","elev":-1700}},{"type":"Feature","geometry":{"type":"Point","coordinates":[-155.27,18.92]},"properties":{"id":"332000","name":"Kamaehuakanaloa","country":"United States","year":1996,"kind":"Shield","elev":-975}},{"type":"Feature","geometry":{"type":"Point","coordinates":[-155.287,19.421]},"properties":{"id":"332010","name":"Kilauea","country":"United States","year":2026,"kind":"Shield","elev":1222}},{"type":"Feature","geometry":{"type":"Point","coordinates":[-155.608,19.475]},"properties":{"id":"332020","name":"Mauna Loa","country":"United States","year":2022,"kind":"Shield","elev":4170}},{"type":"Feature","geometry":{"type":"Point","coordinates":[-155.47,19.82]},"properties":{"id":"332030","name":"Mauna Kea","country":"United States","year":-2460,"kind":"Shield","elev":4205}},{"type":"Feature","geometry":{"type":"Point","coordinates":[-155.87,19.692]},"properties":{"id":"332040","name":"Hualalai","country":"United States","year":1801,"kind":"Shield","elev":2523}},{"type":"Feature","geometry":{"type":"Point","coordinates":[-156.2537,20.7099]},"properties":{"id":"332060","name":"Haleakala","country":"United States","year":1750,"kind":"Shield","elev":3053}},{"type":"Feature","geometry":{"type":"Point","coordinates":[-148.821,-17.564]},"properties":{"id":"333010","name":"Teahitia","country":"France","year":1985,"kind":"Compound","elev":-1743}},{"type":"Feature","geometry":{"type":"Point","coordinates":[-148.586,-17.662]},"properties":{"id":"333020","name":"Rocard","country":"France","year":1972,"kind":"Cone","elev":-2515}},{"type":"Feature","geometry":{"type":"Point","coordinates":[-148.525,-18.325]},"properties":{"id":"333030","name":"Moua Pihaa","country":"France","year":1970,"kind":"Stratovolcano","elev":-312}},{"type":"Feature","geometry":{"type":"Point","coordinates":[-148.068,-17.874]},"properties":{"id":"333040","name":"Mehetia","country":"France","year":null,"kind":"Stratovolcano","elev":389}},{"type":"Feature","geometry":{"type":"Point","coordinates":[-129.27,-25.37]},"properties":{"id":"333050","name":"Adams Seamount","country":"United Kingdom","year":-50,"kind":"Lava dome","elev":-39}},{"type":"Feature","geometry":{"type":"Point","coordinates":[-140.25,-28.98]},"properties":{"id":"333060","name":"Macdonald","country":"France","year":1989,"kind":"Shield","elev":-39}},{"type":"Feature","geometry":{"type":"Point","coordinates":[-105.32,16.55]},"properties":{"id":"334020","name":"Northern EPR at 17\u00b0N","country":"Mexico","year":-50,"kind":"Fissure vent(s)","elev":-2700}},{"type":"Feature","geometry":{"type":"Point","coordinates":[-105.43,15.83]},"properties":{"id":"334021","name":"Northern EPR at 16\u00b0N","country":"Mexico","year":-50,"kind":"Fissure vent(s)","elev":-2300}},{"type":"Feature","geometry":{"type":"Point","coordinates":[-103.58,10.73]},"properties":{"id":"334040","name":"Northern EPR at 10.7\u00b0N","country":"Undersea Features","year":2003,"kind":"Fissure vent(s)","elev":-2900}},{"type":"Feature","geometry":{"type":"Point","coordinates":[-104.3,9.83]},"properties":{"id":"334050","name":"Northern EPR at 9.8\u00b0N","country":"Undersea Features","year":2025,"kind":"Fissure vent(s)","elev":-2500}},{"type":"Feature","geometry":{"type":"Point","coordinates":[-86.15,0.792]},"properties":{"id":"334070","name":"Galapagos Rift at 86\u00b0W","country":"Ecuador","year":1996,"kind":"Fissure vent(s)","elev":-2430}},{"type":"Feature","geometry":{"type":"Point","coordinates":[-107.95,-8.27]},"properties":{"id":"334100","name":"Southern EPR at 8\u00b0S","country":"Undersea Features","year":1969,"kind":"Fissure vent(s)","elev":-2800}},{"type":"Feature","geometry":{"type":"Point","coordinates":[-113.206,-17.436]},"properties":{"id":"334120","name":"Southern EPR at 17.5\u00b0S (Segment K)","country":"Undersea Features","year":1990,"kind":"Fissure vent(s)","elev":-2566}},{"type":"Feature","geometry":{"type":"Point","coordinates":[-113.35,-18.175]},"properties":{"id":"334130","name":"Southern EPR at 18.2\u00b0S (Segment J)","country":"Undersea Features","year":1890,"kind":"Fissure vent(s)","elev":-2650}},{"type":"Feature","geometry":{"type":"Point","coordinates":[-113.42,-18.53]},"properties":{"id":"334140","name":"Southern EPR at 18.5\u00b0S (Segment I)","country":"Undersea Features","year":1915,"kind":"Fissure vent(s)","elev":-2600}},{"type":"Feature","geometry":{"type":"Point","coordinates":[-139.845,-53.998]},"properties":{"id":"335020","name":"Hollister Ridge","country":"Undersea Features","year":null,"kind":"Fissure vent","elev":-1000}},{"type":"Feature","geometry":{"type":"Point","coordinates":[-143.373,-56.153]},"properties":{"id":"335030","name":"Udintsev Transform","country":"Undersea Features","year":null,"kind":"Fissure vent","elev":-5700}},{"type":"Feature","geometry":{"type":"Point","coordinates":[-113.5,31.85]},"properties":{"id":"341001","name":"Pinacate","country":"Mexico","year":null,"kind":"Volcanic field","elev":1183}},{"type":"Feature","geometry":{"type":"Point","coordinates":[-114.4082,29.9728]},"properties":{"id":"341003","name":"San Luis, Isla","country":"Mexico","year":-1141,"kind":"Tuff cone","elev":183}},{"type":"Feature","geometry":{"type":"Point","coordinates":[-114.5,29.33]},"properties":{"id":"341004","name":"Jaraguay Volcanic Field","country":"Mexico","year":null,"kind":"Volcanic field","elev":960}},{"type":"Feature","geometry":{"type":"Point","coordinates":[-113.75,28.5]},"properties":{"id":"341007","name":"San Borja Volcanic Field","country":"Mexico","year":null,"kind":"Volcanic field","elev":1360}},{"type":"Feature","geometry":{"type":"Point","coordinates":[-111.881,27.438]},"properties":{"id":"341011","name":"Tortuga, Isla","country":"Mexico","year":null,"kind":"Shield","elev":224}},{"type":"Feature","geometry":{"type":"Point","coordinates":[-111.92,26.0]},"properties":{"id":"341012","name":"Comondu-La Purisima","country":"Mexico","year":null,"kind":"Volcanic field","elev":780}},{"type":"Feature","geometry":{"type":"Point","coordinates":[-110.95,18.78]},"properties":{"id":"341021","name":"Socorro","country":"Mexico","year":1994,"kind":"Shield","elev":1050}},{"type":"Feature","geometry":{"type":"Point","coordinates":[-104.45,24.15]},"properties":{"id":"341022","name":"Durango Volcanic Field","country":"Mexico","year":null,"kind":"Volcanic field","elev":2075}},{"type":"Feature","geometry":{"type":"Point","coordinates":[-104.73,21.45]},"properties":{"id":"341024","name":"Sanganguey","country":"Mexico","year":null,"kind":"Stratovolcano","elev":2340}},{"type":"Feature","geometry":{"type":"Point","coordinates":[-110.82,19.3]},"properties":{"id":"341020","name":"Barcena","country":"Mexico","year":1953,"kind":"Pyroclastic cone(s)","elev":332}},{"type":"Feature","geometry":{"type":"Point","coordinates":[-104.817,20.567]},"properties":{"id":"341031","name":"Mascota Volcanic Field","country":"Mexico","year":null,"kind":"Volcanic field","elev":2525}},{"type":"Feature","geometry":{"type":"Point","coordinates":[-104.508,21.125]},"properties":{"id":"341030","name":"Ceboruco","country":"Mexico","year":1875,"kind":"Stratovolcano","elev":2280}},{"type":"Feature","geometry":{"type":"Point","coordinates":[-103.62,19.514]},"properties":{"id":"341040","name":"Colima","country":"Mexico","year":2019,"kind":"Stratovolcano(es)","elev":3850}},{"type":"Feature","geometry":{"type":"Point","coordinates":[-100.25,19.4]},"properties":{"id":"341061","name":"Zitacuaro-Valle de Bravo","country":"Mexico","year":-3050,"kind":"Volcanic field","elev":3500}},{"type":"Feature","geometry":{"type":"Point","coordinates":[-99.7579,19.7383]},"properties":{"id":"341062","name":"Jocotitlan","country":"Mexico","year":1270,"kind":"Stratovolcano","elev":3911}},{"type":"Feature","geometry":{"type":"Point","coordinates":[-101.75,19.85]},"properties":{"id":"341060","name":"Michoacan-Guanajuato","country":"Mexico","year":1952,"kind":"Volcanic field","elev":3860}},{"type":"Feature","geometry":{"type":"Point","coordinates":[-99.758,19.108]},"properties":{"id":"341070","name":"Toluca, Nevado de","country":"Mexico","year":-1350,"kind":"Stratovolcano","elev":4680}},{"type":"Feature","geometry":{"type":"Point","coordinates":[-98.642,19.179]},"properties":{"id":"341082","name":"Iztaccihuatl","country":"Mexico","year":null,"kind":"Stratovolcano","elev":5230}},{"type":"Feature","geometry":{"type":"Point","coordinates":[-99.16,19.139]},"properties":{"id":"341080","name":"Chichinautzin","country":"Mexico","year":399,"kind":"Volcanic field","elev":3938}},{"type":"Feature","geometry":{"type":"Point","coordinates":[-98.032,19.231]},"properties":{"id":"341091","name":"Malinche, La","country":"Mexico","year":-1170,"kind":"Stratovolcano","elev":4461}},{"type":"Feature","geometry":{"type":"Point","coordinates":[-97.47,19.27]},"properties":{"id":"341092","name":"Serdan-Oriental Volcanic Field","country":"Mexico","year":-3920,"kind":"Volcanic field","elev":3485}},{"type":"Feature","geometry":{"type":"Point","coordinates":[-97.45,19.68]},"properties":{"id":"341093","name":"Humeros, Los","country":"Mexico","year":-4470,"kind":"Caldera(s)","elev":3150}},{"type":"Feature","geometry":{"type":"Point","coordinates":[-96.91,19.635]},"properties":{"id":"341095","name":"Naolinco Volcanic Field","country":"Mexico","year":1145,"kind":"Volcanic field","elev":2000}},{"type":"Feature","geometry":{"type":"Point","coordinates":[-98.622,19.023]},"properties":{"id":"341090","name":"Popocatepetl","country":"Mexico","year":2026,"kind":"Stratovolcano(es)","elev":5393}},{"type":"Feature","geometry":{"type":"Point","coordinates":[-97.27,19.03]},"properties":{"id":"341100","name":"Orizaba, Pico de","country":"Mexico","year":1846,"kind":"Stratovolcano","elev":5564}},{"type":"Feature","geometry":{"type":"Point","coordinates":[-95.1989,18.5615]},"properties":{"id":"341110","name":"San Martin","country":"Mexico","year":1796,"kind":"Volcanic field","elev":1660}},{"type":"Feature","geometry":{"type":"Point","coordinates":[-93.2297,17.3602]},"properties":{"id":"341120","name":"Chichon, El","country":"Mexico","year":1982,"kind":"Lava dome(s)","elev":1150}},{"type":"Feature","geometry":{"type":"Point","coordinates":[-92.109,15.132]},"properties":{"id":"341130","name":"Tacana","country":"Mexico-Guatemala","year":1986,"kind":"Stratovolcano","elev":4064}},{"type":"Feature","geometry":{"type":"Point","coordinates":[-91.903,15.043]},"properties":{"id":"342020","name":"Tajumulco","country":"Guatemala","year":null,"kind":"Stratovolcano","elev":4203}},{"type":"Feature","geometry":{"type":"Point","coordinates":[-91.552,14.757]},"properties":{"id":"342030","name":"Santa Maria","country":"Guatemala","year":2026,"kind":"Stratovolcano","elev":3745}},{"type":"Feature","geometry":{"type":"Point","coordinates":[-91.519,14.797]},"properties":{"id":"342040","name":"Almolonga","country":"Guatemala","year":1818,"kind":"Stratovolcano","elev":3173}},{"type":"Feature","geometry":{"type":"Point","coordinates":[-91.186,14.583]},"properties":{"id":"342060","name":"Atitlan","country":"Guatemala","year":1853,"kind":"Stratovolcano(es)","elev":3535}},{"type":"Feature","geometry":{"type":"Point","coordinates":[-91.189,14.612]},"properties":{"id":"342070","name":"Toliman","country":"Guatemala","year":null,"kind":"Stratovolcano(es)","elev":3158}},{"type":"Feature","geometry":{"type":"Point","coordinates":[-90.876,14.501]},"properties":{"id":"342080","name":"Acatenango","country":"Guatemala","year":1972,"kind":"Stratovolcano(es)","elev":3976}},{"type":"Feature","geometry":{"type":"Point","coordinates":[-90.8806,14.4748]},"properties":{"id":"342090","name":"Fuego","country":"Guatemala","year":2026,"kind":"Stratovolcano(es)","elev":3799}},{"type":"Feature","geometry":{"type":"Point","coordinates":[-90.743,14.465]},"properties":{"id":"342100","name":"Agua","country":"Guatemala","year":null,"kind":"Stratovolcano","elev":3760}},{"type":"Feature","geometry":{"type":"Point","coordinates":[-90.4,14.33]},"properties":{"id":"342111","name":"Cuilapa-Barbarena","country":"Guatemala","year":null,"kind":"Volcanic field","elev":1454}},{"type":"Feature","geometry":{"type":"Point","coordinates":[-90.601,14.382]},"properties":{"id":"342110","name":"Pacaya","country":"Guatemala","year":2021,"kind":"Complex","elev":2569}},{"type":"Feature","geometry":{"type":"Point","coordinates":[-90.271,14.34]},"properties":{"id":"342121","name":"Jumaytepeque","country":"Guatemala","year":null,"kind":"Stratovolcano","elev":1802}},{"type":"Feature","geometry":{"type":"Point","coordinates":[-90.407,14.156]},"properties":{"id":"342120","name":"Tecuamburro","country":"Guatemala","year":-960,"kind":"Stratovolcano","elev":1845}},{"type":"Feature","geometry":{"type":"Point","coordinates":[-90.1,14.03]},"properties":{"id":"342130","name":"Moyuta","country":"Guatemala","year":null,"kind":"Stratovolcano","elev":1662}},{"type":"Feature","geometry":{"type":"Point","coordinates":[-89.992,14.308]},"properties":{"id":"342140","name":"Flores","country":"Guatemala","year":null,"kind":"Volcanic field","elev":1600}},{"type":"Feature","geometry":{"type":"Point","coordinates":[-89.9,14.43]},"properties":{"id":"342141","name":"Tahual","country":"Guatemala","year":null,"kind":"Stratovolcano","elev":1716}},{"type":"Feature","geometry":{"type":"Point","coordinates":[-89.87,14.33]},"properties":{"id":"342150","name":"Santiago, Cerro","country":"Guatemala","year":null,"kind":"Volcanic field","elev":1192}},{"type":"Feature","geometry":{"type":"Point","coordinates":[-89.78,14.4]},"properties":{"id":"342160","name":"Suchitan","country":"Guatemala","year":null,"kind":"Stratovolcano(es)","elev":2042}},{"type":"Feature","geometry":{"type":"Point","coordinates":[-89.73,14.12]},"properties":{"id":"342170","name":"Chingo","country":"Guatemala-El Salvador","year":null,"kind":"Stratovolcano","elev":1775}},{"type":"Feature","geometry":{"type":"Point","coordinates":[-89.68,14.42]},"properties":{"id":"342180","name":"Ixtepeque","country":"Guatemala","year":null,"kind":"Lava dome(s)","elev":1292}},{"type":"Feature","geometry":{"type":"Point","coordinates":[-89.631,14.054]},"properties":{"id":"343002","name":"Singuil, Cerro","country":"El Salvador","year":null,"kind":"Volcanic field","elev":926}},{"type":"Feature","geometry":{"type":"Point","coordinates":[-89.742,13.872]},"properties":{"id":"343010","name":"Apaneca Range","country":"El Salvador","year":null,"kind":"Stratovolcano(es)","elev":2028}},{"type":"Feature","geometry":{"type":"Point","coordinates":[-89.63,13.853]},"properties":{"id":"343020","name":"Santa Ana","country":"El Salvador","year":2005,"kind":"Stratovolcano","elev":2381}},{"type":"Feature","geometry":{"type":"Point","coordinates":[-89.633,13.813]},"properties":{"id":"343030","name":"Izalco","country":"El Salvador","year":1966,"kind":"Stratovolcano","elev":1950}},{"type":"Feature","geometry":{"type":"Point","coordinates":[-89.55,13.87]},"properties":{"id":"343041","name":"Coatepeque Caldera","country":"El Salvador","year":null,"kind":"Caldera","elev":746}},{"type":"Feature","geometry":{"type":"Point","coordinates":[-89.25,14.02]},"properties":{"id":"343051","name":"Cinotepeque, Cerro","country":"El Salvador","year":null,"kind":"Volcanic field","elev":665}},{"type":"Feature","geometry":{"type":"Point","coordinates":[-89.294,13.734]},"properties":{"id":"343050","name":"San Salvador","country":"El Salvador","year":1917,"kind":"Stratovolcano","elev":1893}},{"type":"Feature","geometry":{"type":"Point","coordinates":[-89.053,13.672]},"properties":{"id":"343060","name":"Ilopango","country":"El Salvador","year":1880,"kind":"Caldera","elev":450}},{"type":"Feature","geometry":{"type":"Point","coordinates":[-88.532,13.435]},"properties":{"id":"343072","name":"Taburete","country":"El Salvador","year":null,"kind":"Stratovolcano","elev":1172}},{"type":"Feature","geometry":{"type":"Point","coordinates":[-88.8375,13.5969]},"properties":{"id":"343070","name":"San Vicente","country":"El Salvador","year":null,"kind":"Stratovolcano","elev":2149}},{"type":"Feature","geometry":{"type":"Point","coordinates":[-88.471,13.419]},"properties":{"id":"343081","name":"Usulutan","country":"El Salvador","year":null,"kind":"Stratovolcano","elev":1449}},{"type":"Feature","geometry":{"type":"Point","coordinates":[-88.43,13.47]},"properties":{"id":"343082","name":"Tigre, El","country":"El Salvador","year":null,"kind":"Stratovolcano","elev":1640}},{"type":"Feature","geometry":{"type":"Point","coordinates":[-88.502,13.494]},"properties":{"id":"343080","name":"Tecapa","country":"El Salvador","year":null,"kind":"Stratovolcano","elev":1593}},{"type":"Feature","geometry":{"type":"Point","coordinates":[-88.33,13.478]},"properties":{"id":"343090","name":"Chinameca","country":"El Salvador","year":null,"kind":"Stratovolcano","elev":1300}},{"type":"Feature","geometry":{"type":"Point","coordinates":[-88.105,13.428]},"properties":{"id":"343101","name":"Aramuaca, Laguna","country":"El Salvador","year":null,"kind":"Maar","elev":181}},{"type":"Feature","geometry":{"type":"Point","coordinates":[-88.269,13.434]},"properties":{"id":"343100","name":"San Miguel","country":"El Salvador","year":2023,"kind":"Stratovolcano","elev":2130}},{"type":"Feature","geometry":{"type":"Point","coordinates":[-87.639,13.274]},"properties":{"id":"343130","name":"Tigre, Isla del","country":"Honduras","year":null,"kind":"Stratovolcano","elev":774}},{"type":"Feature","geometry":{"type":"Point","coordinates":[-87.63,13.33]},"properties":{"id":"343140","name":"Zacate Grande, Isla","country":"Honduras","year":null,"kind":"Stratovolcano","elev":640}},{"type":"Feature","geometry":{"type":"Point","coordinates":[-87.983,14.964]},"properties":{"id":"343150","name":"Yojoa, Lago","country":"Honduras","year":-7638,"kind":"Volcanic field","elev":1060}},{"type":"Feature","geometry":{"type":"Point","coordinates":[-87.57,12.98]},"properties":{"id":"344010","name":"Cosiguina","country":"Nicaragua","year":1859,"kind":"Stratovolcano","elev":872}},{"type":"Feature","geometry":{"type":"Point","coordinates":[-87.004,12.702]},"properties":{"id":"344020","name":"San Cristobal","country":"Nicaragua","year":2024,"kind":"Stratovolcano","elev":1745}},{"type":"Feature","geometry":{"type":"Point","coordinates":[-86.84,12.606]},"properties":{"id":"344040","name":"Telica","country":"Nicaragua","year":2025,"kind":"Stratovolcano(es)","elev":1036}},{"type":"Feature","geometry":{"type":"Point","coordinates":[-86.702,12.506]},"properties":{"id":"344070","name":"Negro, Cerro","country":"Nicaragua","year":1999,"kind":"Pyroclastic cone(s)","elev":728}},{"type":"Feature","geometry":{"type":"Point","coordinates":[-86.6786,12.4922]},"properties":{"id":"344080","name":"Las Pilas-El Hoyo Complex","country":"Nicaragua","year":1954,"kind":"Complex","elev":1088}},{"type":"Feature","geometry":{"type":"Point","coordinates":[-86.342,12.242]},"properties":{"id":"344091","name":"Apoyeque","country":"Nicaragua","year":-50,"kind":"Caldera","elev":518}},{"type":"Feature","geometry":{"type":"Point","coordinates":[-86.32,12.12]},"properties":{"id":"344092","name":"Nejapa-Miraflores","country":"Nicaragua","year":1060,"kind":"Fissure vent(s)","elev":360}},{"type":"Feature","geometry":{"type":"Point","coordinates":[-86.539,12.423]},"properties":{"id":"344090","name":"Momotombo","country":"Nicaragua","year":2016,"kind":"Stratovolcano","elev":1270}},{"type":"Feature","geometry":{"type":"Point","coordinates":[-85.979,11.9]},"properties":{"id":"344101","name":"Granada","country":"Nicaragua","year":null,"kind":"Fissure vent(s)","elev":250}},{"type":"Feature","geometry":{"type":"Point","coordinates":[-86.1688,11.9844]},"properties":{"id":"344100","name":"Masaya","country":"Nicaragua","year":2026,"kind":"Caldera","elev":594}},{"type":"Feature","geometry":{"type":"Point","coordinates":[-85.82,11.73]},"properties":{"id":"344111","name":"Zapatera","country":"Nicaragua","year":null,"kind":"Shield","elev":629}},{"type":"Feature","geometry":{"type":"Point","coordinates":[-85.968,11.826]},"properties":{"id":"344110","name":"Mombacho","country":"Nicaragua","year":null,"kind":"Stratovolcano","elev":1344}},{"type":"Feature","geometry":{"type":"Point","coordinates":[-85.622,11.538]},"properties":{"id":"344120","name":"Concepcion","country":"Nicaragua","year":2024,"kind":"Stratovolcano","elev":1700}},{"type":"Feature","geometry":{"type":"Point","coordinates":[-85.473,10.98]},"properties":{"id":"345010","name":"Orosi","country":"Costa Rica","year":null,"kind":"Stratovolcano(es)","elev":1659}},{"type":"Feature","geometry":{"type":"Point","coordinates":[-85.3364,10.8314]},"properties":{"id":"345020","name":"Rincon de la Vieja","country":"Costa Rica","year":2024,"kind":"Complex","elev":1729}},{"type":"Feature","geometry":{"type":"Point","coordinates":[-85.015,10.673]},"properties":{"id":"345031","name":"Tenorio","country":"Costa Rica","year":null,"kind":"Stratovolcano(es)","elev":1916}},{"type":"Feature","geometry":{"type":"Point","coordinates":[-84.703,10.463]},"properties":{"id":"345033","name":"Arenal","country":"Costa Rica","year":2010,"kind":"Stratovolcano","elev":1670}},{"type":"Feature","geometry":{"type":"Point","coordinates":[-84.366,10.3]},"properties":{"id":"345034","name":"Platanar","country":"Costa Rica","year":null,"kind":"Stratovolcano(es)","elev":2267}},{"type":"Feature","geometry":{"type":"Point","coordinates":[-85.153,10.748]},"properties":{"id":"345030","name":"Miravalles","country":"Costa Rica","year":1946,"kind":"Stratovolcano","elev":2028}},{"type":"Feature","geometry":{"type":"Point","coordinates":[-84.233,10.2]},"properties":{"id":"345040","name":"Poas","country":"Costa Rica","year":2026,"kind":"Stratovolcano","elev":2697}},{"type":"Feature","geometry":{"type":"Point","coordinates":[-84.1,10.135]},"properties":{"id":"345050","name":"Barva","country":"Costa Rica","year":-6050,"kind":"Complex","elev":2906}},{"type":"Feature","geometry":{"type":"Point","coordinates":[-83.852,9.979]},"properties":{"id":"345060","name":"Irazu","country":"Costa Rica","year":1977,"kind":"Stratovolcano","elev":3436}},{"type":"Feature","geometry":{"type":"Point","coordinates":[-83.767,10.025]},"properties":{"id":"345070","name":"Turrialba","country":"Costa Rica","year":2022,"kind":"Stratovolcano","elev":3340}},{"type":"Feature","geometry":{"type":"Point","coordinates":[-82.543,8.808]},"properties":{"id":"346010","name":"Baru","country":"Panama","year":1550,"kind":"Stratovolcano","elev":3474}},{"type":"Feature","geometry":{"type":"Point","coordinates":[-75.363,5.203]},"properties":{"id":"351011","name":"Romeral","country":"Colombia","year":-5390,"kind":"Stratovolcano","elev":3769}},{"type":"Feature","geometry":{"type":"Point","coordinates":[-75.293,5.091]},"properties":{"id":"351012","name":"Bravo, Cerro","country":"Colombia","year":1720,"kind":"Stratovolcano","elev":3985}},{"type":"Feature","geometry":{"type":"Point","coordinates":[-75.365,4.818]},"properties":{"id":"351021","name":"Santa Isabel","country":"Colombia","year":-850,"kind":"Shield","elev":4944}},{"type":"Feature","geometry":{"type":"Point","coordinates":[-75.324,4.892]},"properties":{"id":"351020","name":"Ruiz, Nevado del","country":"Colombia","year":2026,"kind":"Stratovolcano","elev":5279}},{"type":"Feature","geometry":{"type":"Point","coordinates":[-75.33,4.658]},"properties":{"id":"351030","name":"Tolima, Nevado del","country":"Colombia","year":1943,"kind":"Stratovolcano","elev":5215}},{"type":"Feature","geometry":{"type":"Point","coordinates":[-75.389,4.487]},"properties":{"id":"351040","name":"Machin","country":"Colombia","year":1180,"kind":"Stratovolcano","elev":2749}},{"type":"Feature","geometry":{"type":"Point","coordinates":[-76.03,2.93]},"properties":{"id":"351050","name":"Huila, Nevado del","country":"Colombia","year":2012,"kind":"Stratovolcano","elev":5364}},{"type":"Feature","geometry":{"type":"Point","coordinates":[-76.592,2.108]},"properties":{"id":"351061","name":"Sotara","country":"Colombia","year":null,"kind":"Stratovolcano","elev":4400}},{"type":"Feature","geometry":{"type":"Point","coordinates":[-76.3948,2.3095]},"properties":{"id":"351060","name":"Purace","country":"Colombia","year":2026,"kind":"Stratovolcano(es)","elev":4650}},{"type":"Feature","geometry":{"type":"Point","coordinates":[-76.936,1.5]},"properties":{"id":"351070","name":"Dona Juana","country":"Colombia","year":1906,"kind":"Stratovolcano","elev":4137}},{"type":"Feature","geometry":{"type":"Point","coordinates":[-77.37,1.22]},"properties":{"id":"351080","name":"Galeras","country":"Colombia","year":2014,"kind":"Complex","elev":4276}},{"type":"Feature","geometry":{"type":"Point","coordinates":[-77.68,1.08]},"properties":{"id":"351090","name":"Azufral","country":"Colombia","year":-930,"kind":"Stratovolcano","elev":4070}},{"type":"Feature","geometry":{"type":"Point","coordinates":[-77.87,0.95]},"properties":{"id":"351100","name":"Cumbal","country":"Colombia","year":1926,"kind":"Stratovolcano","elev":4764}},{"type":"Feature","geometry":{"type":"Point","coordinates":[-77.938,0.817]},"properties":{"id":"351110","name":"Chiles-Cerro Negro","country":"Colombia-Ecuador","year":1936,"kind":"Stratovolcano","elev":4698}},{"type":"Feature","geometry":{"type":"Point","coordinates":[-77.58,0.552]},"properties":{"id":"352001","name":"Soche","country":"Ecuador","year":-6650,"kind":"Stratovolcano","elev":3955}},{"type":"Feature","geometry":{"type":"Point","coordinates":[-78.287,0.468]},"properties":{"id":"352002","name":"Chachimbiro","country":"Ecuador","year":-3740,"kind":"Stratovolcano","elev":4106}},{"type":"Feature","geometry":{"type":"Point","coordinates":[-78.364,0.308]},"properties":{"id":"352003","name":"Cuicocha","country":"Ecuador","year":650,"kind":"Caldera","elev":3246}},{"type":"Feature","geometry":{"type":"Point","coordinates":[-78.183,0.258]},"properties":{"id":"352004","name":"Imbabura","country":"Ecuador","year":-5550,"kind":"Compound","elev":4609}},{"type":"Feature","geometry":{"type":"Point","coordinates":[-78.27,0.13]},"properties":{"id":"352005","name":"Mojanda","country":"Ecuador","year":null,"kind":"Stratovolcano(es)","elev":4263}},{"type":"Feature","geometry":{"type":"Point","coordinates":[-77.986,0.029]},"properties":{"id":"352006","name":"Cayambe","country":"Ecuador","year":1786,"kind":"Compound","elev":5790}},{"type":"Feature","geometry":{"type":"Point","coordinates":[-78.49,0.0464]},"properties":{"id":"352011","name":"Pululahua","country":"Ecuador","year":290,"kind":"Caldera","elev":3360}},{"type":"Feature","geometry":{"type":"Point","coordinates":[-77.656,-0.077]},"properties":{"id":"352010","name":"Reventador","country":"Ecuador","year":2026,"kind":"Stratovolcano","elev":3562}},{"type":"Feature","geometry":{"type":"Point","coordinates":[-78.617,-0.353]},"properties":{"id":"352021","name":"Atacazo","country":"Ecuador","year":-320,"kind":"Stratovolcano","elev":4463}},{"type":"Feature","geometry":{"type":"Point","coordinates":[-78.25,-0.375]},"properties":{"id":"352022","name":"Chacana","country":"Ecuador","year":1773,"kind":"Caldera","elev":4643}},{"type":"Feature","geometry":{"type":"Point","coordinates":[-78.598,-0.171]},"properties":{"id":"352020","name":"Guagua Pichincha","country":"Ecuador","year":2002,"kind":"Stratovolcano","elev":4784}},{"type":"Feature","geometry":{"type":"Point","coordinates":[-78.0,-0.53]},"properties":{"id":"352031","name":"Aliso","country":"Ecuador","year":-2450,"kind":"Stratovolcano","elev":4267}},{"type":"Feature","geometry":{"type":"Point","coordinates":[-78.141,-0.481]},"properties":{"id":"352030","name":"Antisana","country":"Ecuador","year":1802,"kind":"Stratovolcano","elev":5753}},{"type":"Feature","geometry":{"type":"Point","coordinates":[-78.716,-0.662]},"properties":{"id":"352041","name":"Iliniza","country":"Ecuador","year":null,"kind":"Stratovolcano","elev":5162}},{"type":"Feature","geometry":{"type":"Point","coordinates":[-77.626,-0.538]},"properties":{"id":"352040","name":"Sumaco","country":"Ecuador","year":1895,"kind":"Stratovolcano","elev":3990}},{"type":"Feature","geometry":{"type":"Point","coordinates":[-78.436,-0.677]},"properties":{"id":"352050","name":"Cotopaxi","country":"Ecuador","year":2023,"kind":"Stratovolcano","elev":5911}},{"type":"Feature","geometry":{"type":"Point","coordinates":[-78.9044,-0.8592]},"properties":{"id":"352060","name":"Quilotoa","country":"Ecuador","year":1280,"kind":"Caldera","elev":3914}},{"type":"Feature","geometry":{"type":"Point","coordinates":[-78.817,-1.469]},"properties":{"id":"352071","name":"Chimborazo","country":"Ecuador","year":550,"kind":"Stratovolcano","elev":6261}},{"type":"Feature","geometry":{"type":"Point","coordinates":[-78.614,-1.786]},"properties":{"id":"352081","name":"Licto","country":"Ecuador","year":null,"kind":"Pyroclastic cone(s)","elev":3322}},{"type":"Feature","geometry":{"type":"Point","coordinates":[-78.442,-1.467]},"properties":{"id":"352080","name":"Tungurahua","country":"Ecuador","year":2016,"kind":"Stratovolcano","elev":5023}},{"type":"Feature","geometry":{"type":"Point","coordinates":[-78.341,-2.005]},"properties":{"id":"352090","name":"Sangay","country":"Ecuador","year":2026,"kind":"Stratovolcano","elev":5286}},{"type":"Feature","geometry":{"type":"Point","coordinates":[-91.546,-0.02]},"properties":{"id":"353011","name":"Ecuador","country":"Ecuador","year":1150,"kind":"Shield","elev":790}},{"type":"Feature","geometry":{"type":"Point","coordinates":[-91.55,-0.37]},"properties":{"id":"353010","name":"Fernandina","country":"Ecuador","year":2024,"kind":"Shield","elev":1476}},{"type":"Feature","geometry":{"type":"Point","coordinates":[-91.35,0.02]},"properties":{"id":"353020","name":"Wolf","country":"Ecuador","year":2022,"kind":"Shield","elev":1710}},{"type":"Feature","geometry":{"type":"Point","coordinates":[-91.28,-0.18]},"properties":{"id":"353030","name":"Darwin","country":"Ecuador","year":1813,"kind":"Shield","elev":1330}},{"type":"Feature","geometry":{"type":"Point","coordinates":[-91.12,-0.43]},"properties":{"id":"353040","name":"Alcedo","country":"Ecuador","year":1993,"kind":"Shield","elev":1130}},{"type":"Feature","geometry":{"type":"Point","coordinates":[-91.17,-0.83]},"properties":{"id":"353050","name":"Negra, Sierra","country":"Ecuador","year":2018,"kind":"Shield","elev":1124}},{"type":"Feature","geometry":{"type":"Point","coordinates":[-91.408,-0.92]},"properties":{"id":"353060","name":"Azul, Cerro","country":"Ecuador","year":2008,"kind":"Shield","elev":1640}},{"type":"Feature","geometry":{"type":"Point","coordinates":[-90.7553,0.5858]},"properties":{"id":"353070","name":"Pinta","country":"Ecuador","year":null,"kind":"Shield","elev":729}},{"type":"Feature","geometry":{"type":"Point","coordinates":[-89.958,0.32]},"properties":{"id":"353081","name":"Genovesa","country":"Ecuador","year":null,"kind":"Shield","elev":64}},{"type":"Feature","geometry":{"type":"Point","coordinates":[-90.47,0.33]},"properties":{"id":"353080","name":"Marchena","country":"Ecuador","year":1991,"kind":"Shield","elev":343}},{"type":"Feature","geometry":{"type":"Point","coordinates":[-90.33,-0.62]},"properties":{"id":"353091","name":"Santa Cruz","country":"Ecuador","year":null,"kind":"Shield","elev":864}},{"type":"Feature","geometry":{"type":"Point","coordinates":[-90.77,-0.22]},"properties":{"id":"353090","name":"Santiago","country":"Ecuador","year":1906,"kind":"Shield","elev":920}},{"type":"Feature","geometry":{"type":"Point","coordinates":[-89.4292,-0.8292]},"properties":{"id":"353120","name":"San Cristobal","country":"Ecuador","year":null,"kind":"Shield","elev":707}},{"type":"Feature","geometry":{"type":"Point","coordinates":[-71.363,-14.131]},"properties":{"id":"354000","name":"Quimsachata-Oroscocha","country":"Peru","year":-4450,"kind":"Lava dome","elev":3848}},{"type":"Feature","geometry":{"type":"Point","coordinates":[-73.1914,-15.0726]},"properties":{"id":"354001","name":"Auquihuato, Cerro","country":"Peru","year":null,"kind":"Pyroclastic cone","elev":5001}},{"type":"Feature","geometry":{"type":"Point","coordinates":[-72.65,-15.52]},"properties":{"id":"354003","name":"Coropuna","country":"Peru","year":null,"kind":"Stratovolcano","elev":6377}},{"type":"Feature","geometry":{"type":"Point","coordinates":[-72.33,-15.42]},"properties":{"id":"354004","name":"Andahua-Orcopampa","country":"Peru","year":1490,"kind":"Volcanic field","elev":4713}},{"type":"Feature","geometry":{"type":"Point","coordinates":[-72.08,-15.78]},"properties":{"id":"354005","name":"Huambo","country":"Peru","year":-700,"kind":"Volcanic field","elev":4554}},{"type":"Feature","geometry":{"type":"Point","coordinates":[-71.857,-15.787]},"properties":{"id":"354006","name":"Sabancaya","country":"Peru","year":2026,"kind":"Stratovolcano(es)","elev":5960}},{"type":"Feature","geometry":{"type":"Point","coordinates":[-71.4056,-16.2991]},"properties":{"id":"354010","name":"Misti, El","country":"Peru","year":1985,"kind":"Stratovolcano","elev":5793}},{"type":"Feature","geometry":{"type":"Point","coordinates":[-70.8972,-16.345]},"properties":{"id":"354020","name":"Ubinas","country":"Peru","year":2024,"kind":"Stratovolcano","elev":5608}},{"type":"Feature","geometry":{"type":"Point","coordinates":[-70.5981,-16.7586]},"properties":{"id":"354031","name":"Ticsani","country":"Peru","year":1800,"kind":"Lava dome(s)","elev":5382}},{"type":"Feature","geometry":{"type":"Point","coordinates":[-70.8542,-16.6144]},"properties":{"id":"354030","name":"Huaynaputina","country":"Peru","year":1600,"kind":"Stratovolcano","elev":4679}},{"type":"Feature","geometry":{"type":"Point","coordinates":[-70.372,-17.026]},"properties":{"id":"354040","name":"Tutupaca","country":"Peru","year":1802,"kind":"Stratovolcano(es)","elev":5801}},{"type":"Feature","geometry":{"type":"Point","coordinates":[-70.196,-17.184]},"properties":{"id":"354050","name":"Yucamane","country":"Peru","year":-1320,"kind":"Stratovolcano(es)","elev":5495}},{"type":"Feature","geometry":{"type":"Point","coordinates":[-69.7886,-17.4852]},"properties":{"id":"354060","name":"Casiri, Nevados","country":"Peru","year":null,"kind":"Stratovolcano(es)","elev":5626}},{"type":"Feature","geometry":{"type":"Point","coordinates":[-69.5,-18.1]},"properties":{"id":"355011","name":"Taapaca","country":"Chile","year":-320,"kind":"Complex","elev":5860}},{"type":"Feature","geometry":{"type":"Point","coordinates":[-69.142,-18.166]},"properties":{"id":"355012","name":"Parinacota","country":"Chile-Bolivia","year":290,"kind":"Stratovolcano","elev":6336}},{"type":"Feature","geometry":{"type":"Point","coordinates":[-69.092,-18.42]},"properties":{"id":"355020","name":"Guallatiri","country":"Chile","year":1960,"kind":"Stratovolcano","elev":6071}},{"type":"Feature","geometry":{"type":"Point","coordinates":[-68.53,-19.13]},"properties":{"id":"355032","name":"Tata Sabaya","country":"Bolivia","year":null,"kind":"Stratovolcano","elev":5430}},{"type":"Feature","geometry":{"type":"Point","coordinates":[-68.83,-19.15]},"properties":{"id":"355030","name":"Isluga","country":"Chile","year":1913,"kind":"Stratovolcano","elev":5550}},{"type":"Feature","geometry":{"type":"Point","coordinates":[-68.55,-20.73]},"properties":{"id":"355040","name":"Irruputuncu","country":"Chile-Bolivia","year":1995,"kind":"Stratovolcano","elev":5163}},{"type":"Feature","geometry":{"type":"Point","coordinates":[-68.413,-20.939]},"properties":{"id":"355050","name":"Olca-Paruma","country":"Chile-Bolivia","year":null,"kind":"Stratovolcano(es)","elev":5705}},{"type":"Feature","geometry":{"type":"Point","coordinates":[-67.891,-22.719]},"properties":{"id":"355091","name":"Sairecabur","country":"Chile-Bolivia","year":null,"kind":"Stratovolcano(es)","elev":5961}},{"type":"Feature","geometry":{"type":"Point","coordinates":[-67.88,-22.83]},"properties":{"id":"355092","name":"Licancabur","country":"Chile-Bolivia","year":null,"kind":"Stratovolcano","elev":5916}},{"type":"Feature","geometry":{"type":"Point","coordinates":[-67.566,-22.895]},"properties":{"id":"355093","name":"Guayaques","country":"Chile-Bolivia","year":null,"kind":"Lava dome(s)","elev":5598}},{"type":"Feature","geometry":{"type":"Point","coordinates":[-67.75,-23.0]},"properties":{"id":"355094","name":"Purico Complex","country":"Chile","year":null,"kind":"Shield(pyroclastic)","elev":5703}},{"type":"Feature","geometry":{"type":"Point","coordinates":[-67.645,-23.236]},"properties":{"id":"355095","name":"Colachi","country":"Chile","year":null,"kind":"Stratovolcano","elev":5631}},{"type":"Feature","geometry":{"type":"Point","coordinates":[-67.618,-23.292]},"properties":{"id":"355096","name":"Acamarachi","country":"Chile","year":null,"kind":"Stratovolcano","elev":6023}},{"type":"Feature","geometry":{"type":"Point","coordinates":[-67.7,-23.58]},"properties":{"id":"355098","name":"Chiliques","country":"Chile","year":null,"kind":"Stratovolcano","elev":5778}},{"type":"Feature","geometry":{"type":"Point","coordinates":[-67.853,-22.557]},"properties":{"id":"355090","name":"Putana","country":"Chile","year":1810,"kind":"Stratovolcano","elev":5884}},{"type":"Feature","geometry":{"type":"Point","coordinates":[-67.534,-23.743]},"properties":{"id":"355101","name":"Cordon de Puntas Negras","country":"Chile","year":null,"kind":"Stratovolcano(es)","elev":5852}},{"type":"Feature","geometry":{"type":"Point","coordinates":[-67.77,-23.82]},"properties":{"id":"355102","name":"Miniques","country":"Chile","year":null,"kind":"Stratovolcano(es)","elev":5910}},{"type":"Feature","geometry":{"type":"Point","coordinates":[-67.95,-23.83]},"properties":{"id":"355103","name":"Tujle, Cerro","country":"Chile","year":null,"kind":"Maar","elev":3550}},{"type":"Feature","geometry":{"type":"Point","coordinates":[-67.74,-23.949]},"properties":{"id":"355104","name":"Caichinque","country":"Chile","year":null,"kind":"Stratovolcano(es)","elev":4458}},{"type":"Feature","geometry":{"type":"Point","coordinates":[-68.13,-23.97]},"properties":{"id":"355105","name":"Tilocalar","country":"Chile","year":null,"kind":"Lava cone(es)","elev":3109}},{"type":"Feature","geometry":{"type":"Point","coordinates":[-68.054,-24.188]},"properties":{"id":"355107","name":"Pular","country":"Chile","year":null,"kind":"Stratovolcano(es)","elev":6233}},{"type":"Feature","geometry":{"type":"Point","coordinates":[-68.59,-24.319]},"properties":{"id":"355108","name":"Negrillar, La","country":"Chile","year":null,"kind":"Pyroclastic cone(s)","elev":4220}},{"type":"Feature","geometry":{"type":"Point","coordinates":[-68.246,-24.396]},"properties":{"id":"355109","name":"Socompa","country":"Chile-Argentina","year":-5250,"kind":"Stratovolcano","elev":6031}},{"type":"Feature","geometry":{"type":"Point","coordinates":[-67.73,-23.37]},"properties":{"id":"355100","name":"Lascar","country":"Chile","year":2026,"kind":"Stratovolcano(es)","elev":5592}},{"type":"Feature","geometry":{"type":"Point","coordinates":[-68.367,-25.083]},"properties":{"id":"355112","name":"Corrida de Cori Volcanic Field","country":"Chile-Argentina","year":null,"kind":"Stratovolcano","elev":5451}},{"type":"Feature","geometry":{"type":"Point","coordinates":[-68.53,-24.72]},"properties":{"id":"355110","name":"Llullaillaco","country":"Chile-Argentina","year":1877,"kind":"Stratovolcano","elev":6739}},{"type":"Feature","geometry":{"type":"Point","coordinates":[-68.521,-25.336]},"properties":{"id":"355121","name":"Cordon del Azufre","country":"Chile-Argentina","year":null,"kind":"Complex","elev":5481}},{"type":"Feature","geometry":{"type":"Point","coordinates":[-68.588,-25.414]},"properties":{"id":"355122","name":"Bayo Gorbea, Cerro","country":"Chile-Argentina","year":null,"kind":"Complex","elev":5413}},{"type":"Feature","geometry":{"type":"Point","coordinates":[-68.58,-26.48]},"properties":{"id":"355123","name":"Nevada, Sierra","country":"Chile-Argentina","year":null,"kind":"Complex","elev":6173}},{"type":"Feature","geometry":{"type":"Point","coordinates":[-68.37,-26.8]},"properties":{"id":"355124","name":"Falso Azufre","country":"Chile-Argentina","year":null,"kind":"Complex","elev":5906}},{"type":"Feature","geometry":{"type":"Point","coordinates":[-68.296,-27.033]},"properties":{"id":"355125","name":"Incahuasi, Nevado de","country":"Chile-Argentina","year":null,"kind":"Stratovolcano(es)","elev":6638}},{"type":"Feature","geometry":{"type":"Point","coordinates":[-68.507,-25.168]},"properties":{"id":"355120","name":"Lastarria","country":"Chile-Argentina","year":null,"kind":"Stratovolcano","elev":5706}},{"type":"Feature","geometry":{"type":"Point","coordinates":[-68.713,-27.105]},"properties":{"id":"355131","name":"Solo, El","country":"Chile-Argentina","year":null,"kind":"Stratovolcano","elev":6205}},{"type":"Feature","geometry":{"type":"Point","coordinates":[-68.541,-27.109]},"properties":{"id":"355130","name":"Ojos del Salado, Nevados","country":"Chile-Argentina","year":750,"kind":"Stratovolcano","elev":6879}},{"type":"Feature","geometry":{"type":"Point","coordinates":[-67.783,-24.29]},"properties":{"id":"355160","name":"Aracar","country":"Argentina","year":null,"kind":"Stratovolcano","elev":6095}},{"type":"Feature","geometry":{"type":"Point","coordinates":[-68.266,-25.078]},"properties":{"id":"355161","name":"Central Andean Arc at 25.1\u00b0S","country":"Argentina","year":null,"kind":"Pyroclastic cone","elev":4652}},{"type":"Feature","geometry":{"type":"Point","coordinates":[-68.361,-26.632]},"properties":{"id":"355190","name":"Condor, El","country":"Argentina","year":null,"kind":"Stratovolcano","elev":6373}},{"type":"Feature","geometry":{"type":"Point","coordinates":[-68.116,-26.623]},"properties":{"id":"355200","name":"Peinado","country":"Argentina","year":null,"kind":"Stratovolcano","elev":5741}},{"type":"Feature","geometry":{"type":"Point","coordinates":[-67.746,-26.7657]},"properties":{"id":"355210","name":"Blanco, Cerro","country":"Argentina","year":-2300,"kind":"Caldera","elev":4670}},{"type":"Feature","geometry":{"type":"Point","coordinates":[-68.561,-27.196]},"properties":{"id":"355220","name":"Tipas","country":"Argentina","year":null,"kind":"Complex","elev":6658}},{"type":"Feature","geometry":{"type":"Point","coordinates":[-109.356,-27.114]},"properties":{"id":"356011","name":"Rapa Nui","country":"Chile","year":null,"kind":"Shield(s)","elev":501}},{"type":"Feature","geometry":{"type":"Point","coordinates":[-69.797,-33.425]},"properties":{"id":"357010","name":"Tupungatito","country":"Chile-Argentina","year":1987,"kind":"Stratovolcano","elev":5660}},{"type":"Feature","geometry":{"type":"Point","coordinates":[-69.832,-34.164]},"properties":{"id":"357021","name":"Maipo","country":"Chile-Argentina","year":1912,"kind":"Caldera","elev":5323}},{"type":"Feature","geometry":{"type":"Point","coordinates":[-70.295,-34.608]},"properties":{"id":"357022","name":"Palomo","country":"Chile","year":null,"kind":"Stratovolcano","elev":4860}},{"type":"Feature","geometry":{"type":"Point","coordinates":[-69.921,-34.592]},"properties":{"id":"357023","name":"Atuel, Caldera del","country":"Argentina","year":null,"kind":"Caldera","elev":5189}},{"type":"Feature","geometry":{"type":"Point","coordinates":[-69.981,-34.917]},"properties":{"id":"357024","name":"Risco Plateado","country":"Argentina","year":null,"kind":"Stratovolcano","elev":4999}},{"type":"Feature","geometry":{"type":"Point","coordinates":[-69.895,-33.789]},"properties":{"id":"357020","name":"San Jose","country":"Chile-Argentina","year":1960,"kind":"Stratovolcano(es)","elev":6070}},{"type":"Feature","geometry":{"type":"Point","coordinates":[-70.352,-34.814]},"properties":{"id":"357030","name":"Tinguiririca","country":"Chile","year":1917,"kind":"Stratovolcano","elev":4280}},{"type":"Feature","geometry":{"type":"Point","coordinates":[-69.9,-35.123]},"properties":{"id":"357041","name":"Infiernillo","country":"Argentina","year":-6890,"kind":"Volcanic field","elev":3007}},{"type":"Feature","geometry":{"type":"Point","coordinates":[-70.496,-35.558]},"properties":{"id":"357042","name":"Calabozos","country":"Chile","year":null,"kind":"Caldera","elev":3508}},{"type":"Feature","geometry":{"type":"Point","coordinates":[-70.568,-35.223]},"properties":{"id":"357040","name":"Planchon-Peteroa","country":"Chile","year":2025,"kind":"Stratovolcano(es)","elev":3977}},{"type":"Feature","geometry":{"type":"Point","coordinates":[-70.75,-35.58]},"properties":{"id":"357050","name":"Descabezado Grande","country":"Chile","year":1933,"kind":"Stratovolcano(es)","elev":3953}},{"type":"Feature","geometry":{"type":"Point","coordinates":[-70.492,-36.058]},"properties":{"id":"357061","name":"Maule, Laguna del","country":"Chile","year":-50,"kind":"Caldera","elev":2162}},{"type":"Feature","geometry":{"type":"Point","coordinates":[-70.849,-35.989]},"properties":{"id":"357062","name":"San Pedro-Pellado","country":"Chile","year":null,"kind":"Stratovolcano(es)","elev":3621}},{"type":"Feature","geometry":{"type":"Point","coordinates":[-71.1641,-36.1959]},"properties":{"id":"357063","name":"Longavi, Nevado de","country":"Chile","year":-4890,"kind":"Stratovolcano","elev":3175}},{"type":"Feature","geometry":{"type":"Point","coordinates":[-71.009,-36.286]},"properties":{"id":"357064","name":"Blancas, Lomas","country":"Chile","year":null,"kind":"Stratovolcano","elev":2268}},{"type":"Feature","geometry":{"type":"Point","coordinates":[-70.9033,-36.4606]},"properties":{"id":"357065","name":"Resago, Volcan","country":"Chile","year":null,"kind":"Pyroclastic cone","elev":1890}},{"type":"Feature","geometry":{"type":"Point","coordinates":[-69.241,-36.422]},"properties":{"id":"357066","name":"Payun Matru","country":"Argentina","year":-5050,"kind":"Volcanic field","elev":3715}},{"type":"Feature","geometry":{"type":"Point","coordinates":[-70.761,-35.653]},"properties":{"id":"357060","name":"Azul, Cerro","country":"Chile","year":1967,"kind":"Stratovolcano","elev":3788}},{"type":"Feature","geometry":{"type":"Point","coordinates":[-70.033,-37.144]},"properties":{"id":"357072","name":"Tromen Volcanic Plateau","country":"Argentina","year":1822,"kind":"Stratovolcano(es)","elev":4114}},{"type":"Feature","geometry":{"type":"Point","coordinates":[-71.378,-36.868]},"properties":{"id":"357070","name":"Chillan, Nevados de","country":"Chile","year":2022,"kind":"Stratovolcano","elev":3180}},{"type":"Feature","geometry":{"type":"Point","coordinates":[-71.349,-37.406]},"properties":{"id":"357080","name":"Antuco","country":"Chile","year":1869,"kind":"Stratovolcano","elev":2979}},{"type":"Feature","geometry":{"type":"Point","coordinates":[-71.4464,-37.9276]},"properties":{"id":"357091","name":"Callaqui","country":"Chile","year":1980,"kind":"Stratovolcano","elev":3099}},{"type":"Feature","geometry":{"type":"Point","coordinates":[-71.645,-38.31]},"properties":{"id":"357093","name":"Tolhuaca","country":"Chile","year":-4000,"kind":"Stratovolcano","elev":2739}},{"type":"Feature","geometry":{"type":"Point","coordinates":[-71.183,-37.856]},"properties":{"id":"357090","name":"Copahue","country":"Chile-Argentina","year":2024,"kind":"Stratovolcano","elev":2953}},{"type":"Feature","geometry":{"type":"Point","coordinates":[-70.37,-39.02]},"properties":{"id":"357102","name":"Blanca, Laguna","country":"Argentina","year":null,"kind":"Volcanic field","elev":1700}},{"type":"Feature","geometry":{"type":"Point","coordinates":[-71.586,-38.379]},"properties":{"id":"357100","name":"Lonquimay","country":"Chile","year":1990,"kind":"Stratovolcano","elev":2832}},{"type":"Feature","geometry":{"type":"Point","coordinates":[-71.52,-38.97]},"properties":{"id":"357111","name":"Sollipulli","country":"Chile","year":1240,"kind":"Caldera","elev":2282}},{"type":"Feature","geometry":{"type":"Point","coordinates":[-71.75,-39.25]},"properties":{"id":"357112","name":"Caburgua-Huelemolle","country":"Chile","year":-5050,"kind":"Volcanic field","elev":1652}},{"type":"Feature","geometry":{"type":"Point","coordinates":[-71.729,-38.692]},"properties":{"id":"357110","name":"Llaima","country":"Chile","year":2009,"kind":"Stratovolcano","elev":3125}},{"type":"Feature","geometry":{"type":"Point","coordinates":[-71.722,-39.496]},"properties":{"id":"357121","name":"Quetrupillan","country":"Chile","year":255,"kind":"Stratovolcano","elev":2360}},{"type":"Feature","geometry":{"type":"Point","coordinates":[-71.502,-39.637]},"properties":{"id":"357122","name":"Lanin","country":"Chile-Argentina","year":560,"kind":"Stratovolcano","elev":3776}},{"type":"Feature","geometry":{"type":"Point","coordinates":[-71.58,-39.887]},"properties":{"id":"357123","name":"Huanquihue Group","country":"Argentina","year":1750,"kind":"Stratovolcano(es)","elev":2189}},{"type":"Feature","geometry":{"type":"Point","coordinates":[-71.93,-39.42]},"properties":{"id":"357120","name":"Villarrica","country":"Chile","year":2025,"kind":"Stratovolcano","elev":2847}},{"type":"Feature","geometry":{"type":"Point","coordinates":[-72.027,-39.927]},"properties":{"id":"357130","name":"Mocho-Choshuenco","country":"Chile","year":1937,"kind":"Stratovolcano(es)","elev":2422}},{"type":"Feature","geometry":{"type":"Point","coordinates":[-72.07,-40.35]},"properties":{"id":"357140","name":"Carran-Los Venados","country":"Chile","year":1979,"kind":"Pyroclastic cone(s)","elev":1114}},{"type":"Feature","geometry":{"type":"Point","coordinates":[-72.15,-40.783]},"properties":{"id":"357153","name":"Antillanca Volcanic Complex","country":"Chile","year":-230,"kind":"Stratovolcano(es)","elev":1979}},{"type":"Feature","geometry":{"type":"Point","coordinates":[-72.117,-40.59]},"properties":{"id":"357150","name":"Puyehue-Cordon Caulle","country":"Chile","year":2012,"kind":"Stratovolcano","elev":2236}},{"type":"Feature","geometry":{"type":"Point","coordinates":[-72.264,-40.969]},"properties":{"id":"357160","name":"Puntiagudo-Cordon Cenizos","country":"Chile","year":1850,"kind":"Stratovolcano","elev":2493}},{"type":"Feature","geometry":{"type":"Point","coordinates":[-71.885,-41.157]},"properties":{"id":"358011","name":"Tronador","country":"Chile-Argentina","year":null,"kind":"Stratovolcano","elev":3478}},{"type":"Feature","geometry":{"type":"Point","coordinates":[-72.27,-41.3]},"properties":{"id":"358012","name":"Cayutue-La Vigueria","country":"Chile","year":-190,"kind":"Volcanic field","elev":506}},{"type":"Feature","geometry":{"type":"Point","coordinates":[-72.496,-41.105]},"properties":{"id":"358010","name":"Osorno","country":"Chile","year":1869,"kind":"Stratovolcano","elev":2659}},{"type":"Feature","geometry":{"type":"Point","coordinates":[-72.396,-41.755]},"properties":{"id":"358022","name":"Yate","country":"Chile","year":1090,"kind":"Stratovolcano","elev":2187}},{"type":"Feature","geometry":{"type":"Point","coordinates":[-72.431,-41.874]},"properties":{"id":"358023","name":"Hornopiren","country":"Chile","year":340,"kind":"Stratovolcano","elev":1572}},{"type":"Feature","geometry":{"type":"Point","coordinates":[-72.58,-41.88]},"properties":{"id":"358024","name":"Apagado","country":"Chile","year":-590,"kind":"Pyroclastic cone","elev":1210}},{"type":"Feature","geometry":{"type":"Point","coordinates":[-70.194,-42.018]},"properties":{"id":"358025","name":"Crater Basalt Volcanic Field","country":"Argentina","year":null,"kind":"Volcanic field","elev":1344}},{"type":"Feature","geometry":{"type":"Point","coordinates":[-72.618,-41.33]},"properties":{"id":"358020","name":"Calbuco","country":"Chile","year":2015,"kind":"Stratovolcano","elev":1974}},{"type":"Feature","geometry":{"type":"Point","coordinates":[-72.578,-42.377]},"properties":{"id":"358030","name":"Huequi","country":"Chile","year":1920,"kind":"Lava dome(s)","elev":1318}},{"type":"Feature","geometry":{"type":"Point","coordinates":[-72.6514,-42.8349]},"properties":{"id":"358041","name":"Chaiten","country":"Chile","year":2011,"kind":"Caldera","elev":1122}},{"type":"Feature","geometry":{"type":"Point","coordinates":[-72.445,-42.799]},"properties":{"id":"358040","name":"Michinmahuida","country":"Chile","year":1835,"kind":"Stratovolcano","elev":2452}},{"type":"Feature","geometry":{"type":"Point","coordinates":[-72.782,-43.469]},"properties":{"id":"358049","name":"Yanteles","country":"Chile","year":-6650,"kind":"Stratovolcano(es)","elev":1790}},{"type":"Feature","geometry":{"type":"Point","coordinates":[-72.88,-44.08]},"properties":{"id":"358052","name":"Melimoyu","country":"Chile","year":200,"kind":"Stratovolcano","elev":2400}},{"type":"Feature","geometry":{"type":"Point","coordinates":[-72.53,-44.3]},"properties":{"id":"358053","name":"Puyuhuapi","country":"Chile","year":null,"kind":"Pyroclastic cone(s)","elev":524}},{"type":"Feature","geometry":{"type":"Point","coordinates":[-73.0767,-44.6931]},"properties":{"id":"358054","name":"Mentolat","country":"Chile","year":1710,"kind":"Stratovolcano","elev":1603}},{"type":"Feature","geometry":{"type":"Point","coordinates":[-72.984,-45.059]},"properties":{"id":"358055","name":"Cay","country":"Chile","year":null,"kind":"Stratovolcano","elev":2090}},{"type":"Feature","geometry":{"type":"Point","coordinates":[-73.17,-45.1]},"properties":{"id":"358056","name":"Maca","country":"Chile","year":1560,"kind":"Stratovolcano","elev":2960}},{"type":"Feature","geometry":{"type":"Point","coordinates":[-72.97,-45.9]},"properties":{"id":"358057","name":"Hudson, Cerro","country":"Chile","year":2011,"kind":"Stratovolcano","elev":1905}},{"type":"Feature","geometry":{"type":"Point","coordinates":[-72.794,-43.189]},"properties":{"id":"358050","name":"Corcovado","country":"Chile","year":-4920,"kind":"Stratovolcano","elev":1826}},{"type":"Feature","geometry":{"type":"Point","coordinates":[-73.75,-50.33]},"properties":{"id":"358062","name":"Aguilera","country":"Chile","year":-1253,"kind":"Stratovolcano","elev":2546}},{"type":"Feature","geometry":{"type":"Point","coordinates":[-73.5802,-50.9395]},"properties":{"id":"358063","name":"Reclus","country":"Chile","year":1908,"kind":"Pyroclastic cone","elev":1403}},{"type":"Feature","geometry":{"type":"Point","coordinates":[-73.504,-49.019]},"properties":{"id":"358060","name":"Lautaro","country":"Chile","year":1979,"kind":"Stratovolcano","elev":3542}},{"type":"Feature","geometry":{"type":"Point","coordinates":[-73.4,-52.33]},"properties":{"id":"358070","name":"Burney, Monte","country":"Chile","year":1910,"kind":"Stratovolcano","elev":1758}},{"type":"Feature","geometry":{"type":"Point","coordinates":[-69.698,-52.082]},"properties":{"id":"358080","name":"Pali-Aike Volcanic Field","country":"Chile-Argentina","year":-5550,"kind":"Volcanic field","elev":282}},{"type":"Feature","geometry":{"type":"Point","coordinates":[-70.262,-54.97]},"properties":{"id":"358090","name":"Fueguino","country":"Chile","year":1820,"kind":"Lava dome(s)","elev":157}},{"type":"Feature","geometry":{"type":"Point","coordinates":[-63.23,17.63]},"properties":{"id":"360010","name":"Saba","country":"Netherlands","year":1640,"kind":"Stratovolcano","elev":887}},{"type":"Feature","geometry":{"type":"Point","coordinates":[-62.96,17.478]},"properties":{"id":"360020","name":"Quill, The","country":"Netherlands","year":250,"kind":"Stratovolcano","elev":601}},{"type":"Feature","geometry":{"type":"Point","coordinates":[-62.8,17.37]},"properties":{"id":"360030","name":"Liamuiga","country":"Saint Kitts and Nevis","year":160,"kind":"Stratovolcano","elev":1156}},{"type":"Feature","geometry":{"type":"Point","coordinates":[-62.58,17.15]},"properties":{"id":"360040","name":"Nevis Peak","country":"Saint Kitts and Nevis","year":null,"kind":"Stratovolcano","elev":985}},{"type":"Feature","geometry":{"type":"Point","coordinates":[-62.18,16.72]},"properties":{"id":"360050","name":"Soufriere Hills","country":"United Kingdom","year":2013,"kind":"Stratovolcano","elev":915}},{"type":"Feature","geometry":{"type":"Point","coordinates":[-61.664,16.044]},"properties":{"id":"360060","name":"Soufriere Guadeloupe","country":"France","year":1977,"kind":"Stratovolcano","elev":1467}},{"type":"Feature","geometry":{"type":"Point","coordinates":[-61.43,15.612]},"properties":{"id":"360080","name":"Diables, Morne aux","country":"Dominica","year":null,"kind":"Lava dome(s)","elev":861}},{"type":"Feature","geometry":{"type":"Point","coordinates":[-61.397,15.503]},"properties":{"id":"360090","name":"Diablotins, Morne","country":"Dominica","year":null,"kind":"Stratovolcano","elev":1430}},{"type":"Feature","geometry":{"type":"Point","coordinates":[-61.305,15.307]},"properties":{"id":"360101","name":"Watt, Morne","country":"Dominica","year":1997,"kind":"Stratovolcano(es)","elev":1224}},{"type":"Feature","geometry":{"type":"Point","coordinates":[-61.33,15.37]},"properties":{"id":"360100","name":"Trois Pitons, Morne","country":"Dominica","year":920,"kind":"Complex","elev":1387}},{"type":"Feature","geometry":{"type":"Point","coordinates":[-61.341,15.255]},"properties":{"id":"360110","name":"Plat Pays, Morne","country":"Dominica","year":1270,"kind":"Stratovolcano","elev":940}},{"type":"Feature","geometry":{"type":"Point","coordinates":[-61.166,14.809]},"properties":{"id":"360120","name":"Pelee","country":"France","year":1932,"kind":"Stratovolcano","elev":1372}},{"type":"Feature","geometry":{"type":"Point","coordinates":[-61.05,13.83]},"properties":{"id":"360140","name":"Qualibou","country":"Saint Lucia","year":1766,"kind":"Caldera","elev":777}},{"type":"Feature","geometry":{"type":"Point","coordinates":[-61.18,13.33]},"properties":{"id":"360150","name":"Soufriere St. Vincent","country":"Saint Vincent and the Grenadines","year":2021,"kind":"Stratovolcano","elev":1220}},{"type":"Feature","geometry":{"type":"Point","coordinates":[-61.64,12.3]},"properties":{"id":"360160","name":"Kick 'em Jenny","country":"Grenada","year":2017,"kind":"Complex","elev":-185}},{"type":"Feature","geometry":{"type":"Point","coordinates":[-61.67,12.15]},"properties":{"id":"360170","name":"St. Catherine","country":"Grenada","year":null,"kind":"Stratovolcano","elev":840}},{"type":"Feature","geometry":{"type":"Point","coordinates":[-23.783,64.8]},"properties":{"id":"370010","name":"Snaefellsjokull","country":"Iceland","year":200,"kind":"Stratovolcano","elev":1446}},{"type":"Feature","geometry":{"type":"Point","coordinates":[-23.283,64.866]},"properties":{"id":"370020","name":"Helgrindur","country":"Iceland","year":null,"kind":"Volcanic field","elev":986}},{"type":"Feature","geometry":{"type":"Point","coordinates":[-22.483,64.9]},"properties":{"id":"370030","name":"Ljosufjoll","country":"Iceland","year":960,"kind":"Volcanic field","elev":1063}},{"type":"Feature","geometry":{"type":"Point","coordinates":[-22.717,63.817]},"properties":{"id":"371020","name":"Reykjanes","country":"Iceland","year":2025,"kind":"Crater rows","elev":140}},{"type":"Feature","geometry":{"type":"Point","coordinates":[-22.067,63.917]},"properties":{"id":"371030","name":"Krysuvik-Trolladyngja","country":"Iceland","year":1340,"kind":"Crater rows","elev":360}},{"type":"Feature","geometry":{"type":"Point","coordinates":[-21.783,63.933]},"properties":{"id":"371040","name":"Brennisteinsfjoll","country":"Iceland","year":1341,"kind":"Crater rows","elev":610}},{"type":"Feature","geometry":{"type":"Point","coordinates":[-21.333,64.083]},"properties":{"id":"371051","name":"Hromundartindur","country":"Iceland","year":null,"kind":"Stratovolcano","elev":550}},{"type":"Feature","geometry":{"type":"Point","coordinates":[-21.416,64.083]},"properties":{"id":"371050","name":"Hengill","country":"Iceland","year":150,"kind":"Crater rows","elev":803}},{"type":"Feature","geometry":{"type":"Point","coordinates":[-20.883,64.05]},"properties":{"id":"371060","name":"Grimsnes","country":"Iceland","year":-3500,"kind":"Volcanic field","elev":200}},{"type":"Feature","geometry":{"type":"Point","coordinates":[-20.666,64.583]},"properties":{"id":"371070","name":"Prestahnukur","country":"Iceland","year":-3350,"kind":"Fissure vent(s)","elev":1385}},{"type":"Feature","geometry":{"type":"Point","coordinates":[-19.7,64.85]},"properties":{"id":"371080","name":"Oddnyjarhnjukur-Langjokull","country":"Iceland","year":950,"kind":"Fissure vent(s)","elev":1100}},{"type":"Feature","geometry":{"type":"Point","coordinates":[-18.766,64.833]},"properties":{"id":"371090","name":"Hofsjokull","country":"Iceland","year":null,"kind":"Fissure vent(s)","elev":1765}},{"type":"Feature","geometry":{"type":"Point","coordinates":[-20.266,63.416]},"properties":{"id":"372010","name":"Vestmannaeyjar","country":"Iceland","year":1973,"kind":"Fissure vent(s)","elev":283}},{"type":"Feature","geometry":{"type":"Point","coordinates":[-19.633,63.633]},"properties":{"id":"372020","name":"Eyjafjallajokull","country":"Iceland","year":2010,"kind":"Stratovolcano","elev":1651}},{"type":"Feature","geometry":{"type":"Point","coordinates":[-19.083,63.633]},"properties":{"id":"372030","name":"Katla","country":"Iceland","year":1918,"kind":"Fissure vent(s)","elev":1490}},{"type":"Feature","geometry":{"type":"Point","coordinates":[-19.716,63.783]},"properties":{"id":"372040","name":"Tindfjallajokull","country":"Iceland","year":null,"kind":"Stratovolcano","elev":1464}},{"type":"Feature","geometry":{"type":"Point","coordinates":[-19.122,63.892]},"properties":{"id":"372050","name":"Torfajokull","country":"Iceland","year":1477,"kind":"Stratovolcano","elev":1280}},{"type":"Feature","geometry":{"type":"Point","coordinates":[-19.666,63.983]},"properties":{"id":"372070","name":"Hekla","country":"Iceland","year":2000,"kind":"Stratovolcano","elev":1490}},{"type":"Feature","geometry":{"type":"Point","coordinates":[-17.316,64.416]},"properties":{"id":"373010","name":"Grimsvotn","country":"Iceland","year":2011,"kind":"Caldera","elev":1719}},{"type":"Feature","geometry":{"type":"Point","coordinates":[-17.516,64.633]},"properties":{"id":"373030","name":"Bardarbunga","country":"Iceland","year":2015,"kind":"Stratovolcano","elev":2000}},{"type":"Feature","geometry":{"type":"Point","coordinates":[-17.916,64.75]},"properties":{"id":"373040","name":"Tungnafellsjokull","country":"Iceland","year":null,"kind":"Stratovolcano","elev":1523}},{"type":"Feature","geometry":{"type":"Point","coordinates":[-16.647,64.653]},"properties":{"id":"373050","name":"Kverkfjoll","country":"Iceland","year":1968,"kind":"Stratovolcano","elev":1930}},{"type":"Feature","geometry":{"type":"Point","coordinates":[-16.783,65.033]},"properties":{"id":"373060","name":"Askja","country":"Iceland","year":1961,"kind":"Stratovolcano","elev":1080}},{"type":"Feature","geometry":{"type":"Point","coordinates":[-16.666,65.416]},"properties":{"id":"373070","name":"Fremrinamar","country":"Iceland","year":-1200,"kind":"Stratovolcano","elev":970}},{"type":"Feature","geometry":{"type":"Point","coordinates":[-16.728,65.715]},"properties":{"id":"373080","name":"Krafla","country":"Iceland","year":1984,"kind":"Caldera","elev":800}},{"type":"Feature","geometry":{"type":"Point","coordinates":[-16.967,65.883]},"properties":{"id":"373090","name":"Theistareykir","country":"Iceland","year":-900,"kind":"Shield","elev":563}},{"type":"Feature","geometry":{"type":"Point","coordinates":[-17.118,66.309]},"properties":{"id":"373100","name":"Tjornes Fracture Zone","country":"Iceland","year":1868,"kind":"Fissure vent","elev":-75}},{"type":"Feature","geometry":{"type":"Point","coordinates":[-16.65,64.0]},"properties":{"id":"374010","name":"Oraefajokull","country":"Iceland","year":1728,"kind":"Stratovolcano","elev":2010}},{"type":"Feature","geometry":{"type":"Point","coordinates":[-16.583,64.25]},"properties":{"id":"374020","name":"Esjufjoll","country":"Iceland","year":null,"kind":"Stratovolcano","elev":1620}},{"type":"Feature","geometry":{"type":"Point","coordinates":[-15.56,64.798]},"properties":{"id":"374801","name":"Snaefell","country":"Iceland","year":null,"kind":"Stratovolcano","elev":1833}},{"type":"Feature","geometry":{"type":"Point","coordinates":[-18.5,66.67]},"properties":{"id":"375010","name":"Kolbeinsey Ridge","country":"Iceland","year":1755,"kind":"Fissure vent","elev":5}},{"type":"Feature","geometry":{"type":"Point","coordinates":[-8.155,71.082]},"properties":{"id":"376010","name":"Jan Mayen","country":"Norway","year":1985,"kind":"Stratovolcano","elev":2197}},{"type":"Feature","geometry":{"type":"Point","coordinates":[85.25,85.608]},"properties":{"id":"377020","name":"East Gakkel Ridge at 85\u00b0E","country":"Undersea Features","year":1999,"kind":"Fissure vent","elev":-3800}},{"type":"Feature","geometry":{"type":"Point","coordinates":[-38.08,38.75]},"properties":{"id":"381040","name":"Pico Fracture Zone","country":"Undersea Features","year":1865,"kind":"Fissure vent","elev":-4200}},{"type":"Feature","geometry":{"type":"Point","coordinates":[-31.216,39.462]},"properties":{"id":"382001","name":"Flores","country":"Portugal","year":-950,"kind":"Stratovolcano(es)","elev":914}},{"type":"Feature","geometry":{"type":"Point","coordinates":[-28.713,38.576]},"properties":{"id":"382010","name":"Fayal","country":"Portugal","year":1958,"kind":"Stratovolcano","elev":1041}},{"type":"Feature","geometry":{"type":"Point","coordinates":[-28.4,38.47]},"properties":{"id":"382020","name":"Pico","country":"Portugal","year":1720,"kind":"Stratovolcano","elev":2351}},{"type":"Feature","geometry":{"type":"Point","coordinates":[-28.08,38.65]},"properties":{"id":"382030","name":"Sao Jorge","country":"Portugal","year":1902,"kind":"Fissure vent","elev":1053}},{"type":"Feature","geometry":{"type":"Point","coordinates":[-27.97,39.02]},"properties":{"id":"382040","name":"Graciosa","country":"Portugal","year":-1950,"kind":"Stratovolcano","elev":402}},{"type":"Feature","geometry":{"type":"Point","coordinates":[-27.32,38.73]},"properties":{"id":"382050","name":"Terceira","country":"Portugal","year":2000,"kind":"Stratovolcano(es)","elev":1023}},{"type":"Feature","geometry":{"type":"Point","coordinates":[-26.63,38.23]},"properties":{"id":"382070","name":"Don Joao de Castro Bank","country":"Portugal","year":1720,"kind":"Shield","elev":-13}},{"type":"Feature","geometry":{"type":"Point","coordinates":[-25.67,37.78]},"properties":{"id":"382081","name":"Picos Fissural Volcanic System","country":"Portugal","year":1652,"kind":"Fissure vent","elev":350}},{"type":"Feature","geometry":{"type":"Point","coordinates":[-25.785,37.865]},"properties":{"id":"382080","name":"Sete Cidades","country":"Portugal","year":1880,"kind":"Stratovolcano","elev":842}},{"type":"Feature","geometry":{"type":"Point","coordinates":[-25.47,37.77]},"properties":{"id":"382090","name":"Agua de Pau","country":"Portugal","year":1564,"kind":"Stratovolcano","elev":947}},{"type":"Feature","geometry":{"type":"Point","coordinates":[-25.32,37.77]},"properties":{"id":"382100","name":"Furnas","country":"Portugal","year":1630,"kind":"Stratovolcano","elev":805}},{"type":"Feature","geometry":{"type":"Point","coordinates":[-25.88,37.6]},"properties":{"id":"382110","name":"Monaco Bank","country":"Portugal","year":1911,"kind":"Fissure vent","elev":-197}},{"type":"Feature","geometry":{"type":"Point","coordinates":[-16.97,32.73]},"properties":{"id":"382120","name":"Madeira","country":"Portugal","year":-4500,"kind":"Shield","elev":1862}},{"type":"Feature","geometry":{"type":"Point","coordinates":[-17.83,28.57]},"properties":{"id":"383010","name":"La Palma","country":"Spain","year":2021,"kind":"Stratovolcano(es)","elev":2426}},{"type":"Feature","geometry":{"type":"Point","coordinates":[-18.03,27.73]},"properties":{"id":"383020","name":"Hierro","country":"Spain","year":2012,"kind":"Shield","elev":1500}},{"type":"Feature","geometry":{"type":"Point","coordinates":[-16.641,28.271]},"properties":{"id":"383030","name":"Tenerife","country":"Spain","year":1909,"kind":"Stratovolcano","elev":3715}},{"type":"Feature","geometry":{"type":"Point","coordinates":[-15.58,28.0]},"properties":{"id":"383040","name":"Gran Canaria","country":"Spain","year":40,"kind":"Fissure vent(s)","elev":1950}},{"type":"Feature","geometry":{"type":"Point","coordinates":[-14.02,28.358]},"properties":{"id":"383050","name":"Fuerteventura","country":"Spain","year":null,"kind":"Fissure vent(s)","elev":529}},{"type":"Feature","geometry":{"type":"Point","coordinates":[-13.63,29.03]},"properties":{"id":"383060","name":"Lanzarote","country":"Spain","year":1824,"kind":"Fissure vent(s)","elev":670}},{"type":"Feature","geometry":{"type":"Point","coordinates":[-24.35,14.95]},"properties":{"id":"384010","name":"Fogo","country":"Cabo Verde","year":2015,"kind":"Stratovolcano","elev":2829}},{"type":"Feature","geometry":{"type":"Point","coordinates":[-24.7041,14.8514]},"properties":{"id":"384020","name":"Brava","country":"Cabo Verde","year":null,"kind":"Stratovolcano","elev":956}},{"type":"Feature","geometry":{"type":"Point","coordinates":[-19.596,-0.433]},"properties":{"id":"385030","name":"Romanche Fracture Zone","country":"Undersea Features","year":null,"kind":"Fissure vent","elev":-1528}},{"type":"Feature","geometry":{"type":"Point","coordinates":[-14.3667,-7.9458]},"properties":{"id":"385050","name":"Ascension","country":"United Kingdom","year":1508,"kind":"Stratovolcano","elev":822}},{"type":"Feature","geometry":{"type":"Point","coordinates":[-12.48,-37.42]},"properties":{"id":"386011","name":"Nightingale Island","country":"United Kingdom","year":2004,"kind":"Stratovolcano","elev":365}},{"type":"Feature","geometry":{"type":"Point","coordinates":[-12.28,-37.092]},"properties":{"id":"386010","name":"Tristan da Cunha","country":"United Kingdom","year":1962,"kind":"Shield","elev":2060}},{"type":"Feature","geometry":{"type":"Point","coordinates":[3.351,-54.408]},"properties":{"id":"386020","name":"Bouvet","country":"Norway","year":-50,"kind":"Shield","elev":741}},{"type":"Feature","geometry":{"type":"Point","coordinates":[162.47,-66.42]},"properties":{"id":"390011","name":"Young Island","country":"Antarctica","year":null,"kind":"Stratovolcano","elev":1340}},{"type":"Feature","geometry":{"type":"Point","coordinates":[164.83,-67.4]},"properties":{"id":"390012","name":"Sturge Island","country":"Antarctica","year":null,"kind":"Stratovolcano","elev":1167}},{"type":"Feature","geometry":{"type":"Point","coordinates":[165.5,-72.67]},"properties":{"id":"390013","name":"Pleiades, The","country":"Antarctica","year":-1050,"kind":"Stratovolcano","elev":3040}},{"type":"Feature","geometry":{"type":"Point","coordinates":[164.7,-74.35]},"properties":{"id":"390015","name":"Melbourne","country":"Antarctica","year":1892,"kind":"Stratovolcano","elev":2732}},{"type":"Feature","geometry":{"type":"Point","coordinates":[163.0,-76.83]},"properties":{"id":"390016","name":"McMurdo Province at 76.8\u00b0S","country":"Antarctica","year":null,"kind":"Caldera","elev":-500}},{"type":"Feature","geometry":{"type":"Point","coordinates":[163.25,-66.78]},"properties":{"id":"390010","name":"Buckle Island","country":"Antarctica","year":1899,"kind":"Stratovolcano","elev":1239}},{"type":"Feature","geometry":{"type":"Point","coordinates":[163.53,-78.5]},"properties":{"id":"390017","name":"Morning","country":"Antarctica","year":null,"kind":"Shield","elev":2723}},{"type":"Feature","geometry":{"type":"Point","coordinates":[163.33,-78.25]},"properties":{"id":"390021","name":"Royal Society Range","country":"Antarctica","year":null,"kind":"Pyroclastic cone(s)","elev":3000}},{"type":"Feature","geometry":{"type":"Point","coordinates":[-136.0,-76.05]},"properties":{"id":"390022","name":"Berlin","country":"Antarctica","year":-8350,"kind":"Shield(s)","elev":3478}},{"type":"Feature","geometry":{"type":"Point","coordinates":[-132.33,-75.8]},"properties":{"id":"390023","name":"Andrus","country":"Antarctica","year":null,"kind":"Shield(s)","elev":2978}},{"type":"Feature","geometry":{"type":"Point","coordinates":[-112.08,-76.28]},"properties":{"id":"390027","name":"Takahe","country":"Antarctica","year":-5550,"kind":"Shield","elev":3460}},{"type":"Feature","geometry":{"type":"Point","coordinates":[-99.42,-74.33]},"properties":{"id":"390028","name":"Hudson Mountains","country":"Antarctica","year":-207,"kind":"Stratovolcano(es)","elev":749}},{"type":"Feature","geometry":{"type":"Point","coordinates":[167.17,-77.53]},"properties":{"id":"390020","name":"Erebus","country":"Antarctica","year":2026,"kind":"Stratovolcano","elev":3794}},{"type":"Feature","geometry":{"type":"Point","coordinates":[-57.93,-62.1]},"properties":{"id":"390031","name":"Penguin Island","country":"Antarctica","year":1905,"kind":"Stratovolcano","elev":180}},{"type":"Feature","geometry":{"type":"Point","coordinates":[-60.6367,-62.9567]},"properties":{"id":"390030","name":"Deception Island","country":"Antarctica","year":1970,"kind":"Caldera","elev":602}},{"type":"Feature","geometry":{"type":"Point","coordinates":[-55.78,-63.579]},"properties":{"id":"390041","name":"Paulet","country":"Antarctica","year":null,"kind":"Pyroclastic cone","elev":353}},{"type":"Feature","geometry":{"type":"Point","coordinates":[-56.713,-62.063]},"properties":{"id":"390040","name":"Bridgeman Island","country":"Antarctica","year":null,"kind":"Stratovolcano","elev":240}},{"type":"Feature","geometry":{"type":"Point","coordinates":[-27.225,-59.442]},"properties":{"id":"390070","name":"Southern Thule","country":"United Kingdom","year":1975,"kind":"Stratovolcano(es)","elev":1075}},{"type":"Feature","geometry":{"type":"Point","coordinates":[-26.374,-58.445]},"properties":{"id":"390081","name":"Montagu Island","country":"United Kingdom","year":2007,"kind":"Shield","elev":1370}},{"type":"Feature","geometry":{"type":"Point","coordinates":[-26.533,-59.017]},"properties":{"id":"390080","name":"Bristol Island","country":"United Kingdom","year":2016,"kind":"Stratovolcano","elev":1100}},{"type":"Feature","geometry":{"type":"Point","coordinates":[-26.483,-57.8]},"properties":{"id":"390090","name":"Saunders","country":"United Kingdom","year":2026,"kind":"Stratovolcano","elev":843}},{"type":"Feature","geometry":{"type":"Point","coordinates":[-26.67,-57.08]},"properties":{"id":"390100","name":"Candlemas Island","country":"United Kingdom","year":1911,"kind":"Stratovolcano","elev":550}},{"type":"Feature","geometry":{"type":"Point","coordinates":[-27.176,-56.712]},"properties":{"id":"390110","name":"Hodson","country":"United Kingdom","year":null,"kind":"Stratovolcano","elev":835}},{"type":"Feature","geometry":{"type":"Point","coordinates":[-28.14,-56.656]},"properties":{"id":"390120","name":"Leskov Island","country":"United Kingdom","year":null,"kind":"Stratovolcano","elev":190}},{"type":"Feature","geometry":{"type":"Point","coordinates":[-27.57,-56.3]},"properties":{"id":"390130","name":"Zavodovski","country":"United Kingdom","year":2016,"kind":"Stratovolcano","elev":551}},{"type":"Feature","geometry":{"type":"Point","coordinates":[-28.167,-55.912]},"properties":{"id":"390140","name":"Protector Seamounts","country":"United Kingdom","year":1962,"kind":"Volcanic field","elev":-55}},{"type":"Feature","geometry":{"type":"Point","coordinates":[-57.67,-62.02]},"properties":{"id":"390847","name":"Melville","country":"Antarctica","year":null,"kind":"Stratovolcano","elev":549}},{"type":"Feature","geometry":{"type":"Point","coordinates":[-57.75,-64.15]},"properties":{"id":"390829","name":"Mount Haddington Volcanic Field","country":"Antarctica","year":null,"kind":"Shield","elev":1544}},{"type":"Feature","geometry":{"type":"Point","coordinates":[-127.05,42.15]},"properties":{"id":"331032","name":"Jackson Segment","country":"United States","year":null,"kind":"Fissure vent(s)","elev":-3100}},{"type":"Feature","geometry":{"type":"Point","coordinates":[145.78,16.58]},"properties":{"id":"284193","name":"South Sarigan Seamount","country":"United States","year":2010,"kind":"Stratovolcano","elev":-184}},{"type":"Feature","geometry":{"type":"Point","coordinates":[-5.22,-32.958]},"properties":{"id":"385052","name":"Walvis Ridge at 33\u00b0S","country":"Undersea Features","year":2002,"kind":"Cone","elev":-1200}},{"type":"Feature","geometry":{"type":"Point","coordinates":[-179.033,-31.08]},"properties":{"id":"242005","name":"Havre Seamount","country":"New Zealand","year":2012,"kind":"Stratovolcano","elev":-897}},{"type":"Feature","geometry":{"type":"Point","coordinates":[147.9169,45.0286]},"properties":{"id":"290072","name":"Odamoisan [Tebenkov]","country":"Japan - administered by Russia","year":null,"kind":"Stratovolcano","elev":1208}},{"type":"Feature","geometry":{"type":"Point","coordinates":[-174.0028,-15.3675]},"properties":{"id":"243140","name":"Niuatahi","country":"Tonga","year":null,"kind":"Caldera","elev":-1270}},{"type":"Feature","geometry":{"type":"Point","coordinates":[145.086,44.044]},"properties":{"id":"285083","name":"Tenchozan","country":"Japan","year":null,"kind":"Crater rows","elev":1046}},{"type":"Feature","geometry":{"type":"Point","coordinates":[137.573,36.2]},"properties":{"id":"283069","name":"Akandanayama","country":"Japan","year":null,"kind":"Stratovolcano","elev":2109}},{"type":"Feature","geometry":{"type":"Point","coordinates":[-175.725,-15.431]},"properties":{"id":"243111","name":"Dugong","country":"Tonga","year":null,"kind":"Shield","elev":-1170}},{"type":"Feature","geometry":{"type":"Point","coordinates":[-176.283,-15.333]},"properties":{"id":"243112","name":"Lobster","country":"Tonga","year":null,"kind":"Shield","elev":-1500}},{"type":"Feature","geometry":{"type":"Point","coordinates":[-73.05,-45.22]},"properties":{"id":"358064","name":"Meullin","country":"Chile","year":null,"kind":"Volcanic field","elev":1080}},{"type":"Feature","geometry":{"type":"Point","coordinates":[-128.64,48.78]},"properties":{"id":"331005","name":"West Valley Segment","country":"Canada","year":null,"kind":"Fissure vent","elev":-2550}},{"type":"Feature","geometry":{"type":"Point","coordinates":[-129.879,44.267]},"properties":{"id":"331060","name":"East Blanco Depression","country":"Undersea Features","year":null,"kind":"Fissure vent","elev":-3000}},{"type":"Feature","geometry":{"type":"Point","coordinates":[14.399,39.284]},"properties":{"id":"211080","name":"Marsili","country":"Italy","year":-1050,"kind":"Complex","elev":-779}},{"type":"Feature","geometry":{"type":"Point","coordinates":[144.506,15.406]},"properties":{"id":"284305","name":"Mariana Back-Arc Segment at 15.5\u00b0N","country":"United States","year":2015,"kind":"Fissure vent","elev":-4100}},{"type":"Feature","geometry":{"type":"Point","coordinates":[-16.817,65.583]},"properties":{"id":"373082","name":"Heidarspordar","country":"Iceland","year":-300,"kind":"Fissure vent","elev":490}},{"type":"Feature","geometry":{"type":"Point","coordinates":[-23.0,63.733]},"properties":{"id":"371022","name":"Eldey","country":"Iceland","year":1926,"kind":"Fissure vent","elev":70}},{"type":"Feature","geometry":{"type":"Point","coordinates":[-17.617,64.267]},"properties":{"id":"373012","name":"Thordarhyrna","country":"Iceland","year":1904,"kind":"Stratovolcano","elev":1650}},{"type":"Feature","geometry":{"type":"Point","coordinates":[37.97,6.76]},"properties":{"id":"221294","name":"Northern Lake Abaya Volcanic Field","country":"Ethiopia","year":null,"kind":"Volcanic field","elev":1594}},{"type":"Feature","geometry":{"type":"Point","coordinates":[38.213,3.971]},"properties":{"id":"221330","name":"Mega Volcanic Field","country":"Ethiopia","year":null,"kind":"Volcanic field","elev":1500}},{"type":"Feature","geometry":{"type":"Point","coordinates":[-160.017,55.917]},"properties":{"id":"312055","name":"Stepovak Bay Group","country":"United States","year":null,"kind":"Volcanic field","elev":1633}},{"type":"Feature","geometry":{"type":"Point","coordinates":[-169.787,-14.601]},"properties":{"id":"244021","name":"Malumalu","country":"United States","year":null,"kind":"Stratovolcano","elev":-145}},{"type":"Feature","geometry":{"type":"Point","coordinates":[-22.258,63.895]},"properties":{"id":"371032","name":"Fagradalsfjall","country":"Iceland","year":2023,"kind":"Fissure vent","elev":250}},{"type":"Feature","geometry":{"type":"Point","coordinates":[25.483,36.524]},"properties":{"id":"212042","name":"Kolumbo","country":"Greece","year":1650,"kind":"Complex","elev":-18}},{"type":"Feature","geometry":{"type":"Point","coordinates":[45.7075,-12.9121]},"properties":{"id":"233040","name":"Fani Maore","country":"France","year":2019,"kind":"Cone","elev":-2500}},{"type":"Feature","geometry":{"type":"Point","coordinates":[101.7982,46.6459]},"properties":{"id":"303015","name":"Khoid Naiman Nuur","country":"Mongolia","year":null,"kind":"Pyroclastic cone","elev":2532}},{"type":"Feature","geometry":{"type":"Point","coordinates":[29.48,-1.3687]},"properties":{"id":"223045","name":"Mugogo","country":"DR Congo","year":1957,"kind":"Cone","elev":2338}}]}